station;to station;azimuth;distance m
Cape May Lighthouse;Stone;103.461550000000000;32718.600
Cape May Lighthouse;Egg Island Lighthouse;150.843794444444000;31268.270
Egg Island Lighthouse;Stone;39.998952777777800;25744.490
Egg Island Lighthouse;Mahon;90.376869444444400;22789.760
Cape Henlopen Lighthouse;Stone;139.530583333333000;32550.560
Cape Henlopen Lighthouse;Cape May Lighthouse;211.909372222222000;20249.390
Brandywine Shoal Lighthouse;Stone;95.170102777777800;18677.980
Brandywine Shoal Lighthouse;Egg Island Lighthouse;174.530891666667000;21498.460
Stone;Hartley;123.901336111111000;35770.230
Stone;Mahon;162.442655555556000;20828.700
Mahon;Kent;49.392072222222200;31699.030
Mahon;Hartley;90.181938888888900;23406.220
Hartley;Kent;1.652547222222220;20717.010
Hartley;Barclay;75.037172222222200;16039.960
Kent;Hope;101.531677777778000;27378.670
Kent;Barclay;138.030600000000000;22280.810
Barclay;Hope;46.965344444444400;16287.280
Barclay;Still Pond;138.973966666667000;25396.850
Hope;Linstid;97.035147222222200;43362.590
Hope;Clough;135.320286111111000;24885.280
Turkey Point;Pooles Island;50.328602777777800;28476.320
Turkey Point;Osbornes Ruin;94.358500000000000;23447.790
Still Pond;Hope;350.932461111111000;30647.520
Still Pond;Clough;45.222680555555600;17861.210
Clough;Linstid;64.003477777777800;28382.250
Clough;Finlay;128.574100000000000;36758.530
Pooles Island;Linstid;41.454622222222200;29021.270
Pooles Island;Finlay;121.198830555556000;26267.500
Swan Point;Kent Island North Base;15.799669444444400;19350.360
Swan Point;Linstid;71.949297222222200;18713.340
Osbornes Ruin;Pooles Island;355.640675000000000;20014.140
Osbornes Ruin;Finlay;73.128375000000000;21892.200
Kent Island North Base;Marriott;64.683355555555600;25808.680
Kent Island North Base;Linstid;135.633247222222000;17922.480
Kent Island South Base;Marriott;82.894486111111100;21303.160
Kent Island South Base;Taylor MD;141.790672222222000;13916.470
Taylor MD;Marriott;42.659522222222200;18471.340
Taylor MD;Linstid;170.328630555556000;10427.930
Linstid;Marriott;24.267986111111100;26179.190
Linstid;Webb;90.579883333333300;16375.860
Finlay;Linstid;354.573969444444000;35507.190
Finlay;Webb;20.300961111111100;37519.920
Marriott;Hill;96.626400000000000;23643.940
Marriott;Webb;166.770072222222000;24678.840
Webb;Hill;39.910141666666700;27779.290
Webb;Stabler;97.380422222222200;27040.670
Hill;Peach Grove;94.640719444444500;30381.540
Hill;Stabler;159.923497222222000;26363.210
Soper;Webb;268.821705555556000;23810.900
Soper;Hill;343.841494444444000;21730.820
Stabler;Peach Grove;43.525108333333300;30793.340
Stabler;Sugar Loaf;114.019588888889000;38593.450
Sugar Loaf;Bull Run;32.489522222222200;50067.010
Sugar Loaf;Maryland Heights;107.500066666667000;29203.350
Maryland Heights;Bull Run;358.719594444444000;51021.500
Maryland Heights;Mount Marshall;34.015700000000000;75530.480
Peach Grove;Bull Run;84.189388888888900;41328.830
Peach Grove;Sugar Loaf;159.579105555556000;40546.920
Bull Run;Clark VA;22.511625000000000;68461.610
Bull Run;Mount Marshall;75.043994444444400;44915.940
Clark VA;Humpback;63.154661111111100;88271.220
Clark VA;Fork;117.431080555556000;40581.400
Mount Marshall;Clark VA;341.288338888889000;54435.630
Mount Marshall;Fork;29.445583333333300;37827.730
Fork;Humpback;35.869983333333300;72494.890
Fork;Elliott Knob;66.445408333333300;85877.370
Spear;Tobacco Row;90.730727777777800;37785.590
Spear;Humpback;164.419177777778000;44594.720
Humpback;Bald Knob;88.535561111111100;83736.590
Humpback;Elliott Knob;123.678691666667000;43706.280
Slate Springs;Elliott Knob;16.630541666666700;39776.980
Slate Springs;Paddys Knob;63.306666666666700;59934.310
Tobacco Row;Bald Knob;124.675611111111000;70638.720
Tobacco Row;Humpback;211.018816666667000;49698.070
Elliott Knob;Bald Knob;60.619150000000000;54190.730
Elliott Knob;Paddys Knob;104.781933333333000;43621.880
Paddys Knob;Bald Knob;7.317511111111110;38051.660
Paddys Knob;Briery;74.495152777777800;49886.530
Bald Knob;Keeney;77.600052777777800;77037.370
Bald Knob;Briery;119.415900000000000;49638.600
Briery;Keeney;37.722738888888900;51948.670
Briery;Beach;81.261416666666700;23131.380
Beach;Ivy;65.438541666666700;85804.430
Beach;Summersville;129.286419444444000;29793.830
Keeney;Ivy;91.538030555555600;69251.000
Keeney;Beach;193.134025000000000;38620.620
Summersville;Ivy;45.072905555555600;77437.030
Summersville;Table Rock;81.196666666666700;66134.760
Ivy;Pigeon;134.274988888889000;70373.360
Ivy;Table Rock;166.321747222222000;45791.320
Holmes;Summersville;284.134344444444000;65333.920
Holmes;Table Rock;4.127300000000000;26656.660
Table Rock;Pigeon;96.607883333333300;39829.230
Table Rock;Piney;126.364883333333000;48053.500
Ryan;Rogers;69.542150000000000;4640.040
Ryan;Simms;147.201161111111000;7566.990
St. Albans East Base;Rogers;94.156633333333300;4245.420
St. Albans East Base;Ryan;183.354991666667000;1932.870
Coal;Piney;115.452105555556000;22517.430
Coal;Simms;172.717302777778000;10718.950
St. Albans West Base;Ryan;259.088563888889000;3862.220
St. Albans West Base;St. Albans East Base;288.039050000000000;3870.400
Simms;Big Rocks;32.096141666666700;13836.080
Simms;Piney;87.107511111111100;18997.240
Rogers;Simms;181.751613888889000;7986.280
Rogers;Coal;328.794808333333000;3097.870
Big Rocks;Pigeon;43.344847222222200;18095.110
Big Rocks;Piney;132.750861111111000;15839.550
Piney;Davis;68.371655555555600;27774.430
Piney;Gebhardt;119.075747222222000;19457.130
Pigeon;Davis;118.611741666667000;28552.310
Pigeon;Piney;181.802108333333000;23924.490
Gebhardt;Davis;23.990622222222200;21575.110
Gebhardt;Wray;112.009711111111000;19520.810
Davis;Oakland;92.850177777777800;25780.110
Davis;Wray;160.899861111111000;28590.740
Wray;Oakland;32.430005555555600;30512.320
Wray;Fradd;91.073638888888900;7917.680
Fradd;Buena Vista;44.949002777777800;31451.430
Fradd;Gould;101.541183333333000;24947.670
Gould;Buena Vista;355.160283333333000;27341.150
Gould;Howland;84.819797222222200;13690.610
Scioto;Twin Creek;71.457013888888900;21155.860
Scioto;Peach Mount;118.607713888889000;30738.910
Twin Creek;Cherry Ridge;75.245516666666700;18130.390
Twin Creek;Peach Mount;161.951105555556000;22537.430
Peach Mount;Cherry Ridge;22.000038888888900;28101.290
Peach Mount;Cave Hill;76.085969444444500;21102.410
Cave Hill;Minerva;60.795972222222200;31937.600
Cave Hill;Ash Ridge;119.900008333333000;15818.550
Ash Ridge;Minerva;31.015000000000000;27411.800
Ash Ridge;Tate;94.066758333333300;32822.680
Tate;Flaughter;20.635269444444400;24914.150
Tate;Stevens;86.822694444444400;32919.040
Oakland;Buena Vista;104.760819444444000;14273.640
Oakland;Fradd;197.944230555556000;27244.570
Buena Vista;Cave;125.392375000000000;28578.740
Buena Vista;Howland;148.509977777778000;30504.440
Howland;Round Top KY;83.527275000000000;19416.440
Howland;Scioto;160.019369444444000;15770.770
Cave;Round Top KY;121.322030555556000;13994.190
Cave;Howland;217.730088888889000;11988.060
Round Top KY;Twin Creek;148.976550000000000;11997.120
Round Top KY;Scioto;219.123277777778000;21969.630
Cherry Ridge;Minerva;98.141347222222200;38267.150
Cherry Ridge;Cave Hill;154.537663888889000;23223.120
Minerva;Flaughter;95.178891666666700;27609.430
Minerva;Tate;144.107533333333000;31831.460
Flaughter;Dry Ridge;79.039016666666700;30407.690
Flaughter;Stevens;131.675233333333000;32281.710
Stevens;Dry Ridge;11.724477777777800;27844.260
Stevens;Tanner;125.453852777778000;14781.630
Dry Ridge;Stow;118.017419444444000;41268.570
Dry Ridge;Tanner;169.860469444444000;36401.300
Tanner;Stow;61.239761111111100;34233.460
Tanner;Reizin;97.254369444444400;42609.070
Stow;Culbertson;82.722488888888900;17132.160
Stow;Reizin;150.492508333333000;25054.710
Reizin;Culbertson;10.895475000000000;24422.580
Reizin;Correct;73.806755555555600;12919.760
Culbertson;Mud Lick;96.142797222222200;16303.030
Culbertson;Correct;159.044950000000000;21817.720
Correct;Stout;54.945147222222200;31292.240
Correct;Green;117.003561111111000;21314.300
Glasgow;Reizin;294.860963888889000;14987.660
Glasgow;Correct;353.118852777778000;9997.560
Holton South Base;Holton North Base;175.896825000000000;5500.570
Holton South Base;Correct;282.878747222222000;7487.660
Holton North Base;Glasgow;246.881202777778000;7053.710
Holton North Base;Correct;312.923944444444000;10506.180
Mud Lick;Stout;92.151086111111100;17240.480
Mud Lick;Correct;204.169436111111000;20439.040
Green;Stout;13.336405555555600;28433.300
Green;Tripp;46.840411111111100;16739.450
Stout;Miller;88.541347222222200;39725.890
Stout;Tripp;160.737058333333000;17172.920
Tripp;Miller;63.126977777777800;38155.710
Tripp;Weed Patch;110.719458333333000;52955.870
Miller;Fountain;120.388552777778000;22011.750
Miller;Weed Patch;156.454158333333000;39176.810
Weed Patch;Fountain;7.556113888888890;25003.760
Weed Patch;Leonard;79.071030555555600;34169.730
Fountain;Beard;95.067441666666700;31075.660
Fountain;Leonard;121.149400000000000;35369.240
Rariden;Beard;159.864208333333000;24836.930
Rariden;Fountain;227.326738888889000;30482.800
Leonard;Beard;2.299972222222220;15565.630
Leonard;Calvary;79.855766666666700;18455.400
Beard;Osborn;61.807766666666700;26064.400
Beard;Calvary;125.037850000000000;21426.230
Calvary;Sisson;73.723130555555600;42561.750
Calvary;Wright;98.200741666666700;33238.720
Osborn;Sisson;109.651202777778000;37684.970
Osborn;Calvary;192.271761111111000;25206.380
Wright;Sisson;25.276122222222200;18471.950
Wright;Merom College;76.515208333333300;32903.230
Sisson;Summit;17.676169444444400;24247.150
Sisson;Merom College;110.477591666667000;25744.850
Summit;Claremont;89.740047222222200;54228.690
Summit;Honey Creek;121.635716666667000;34569.360
Merom College;Summit;332.267600000000000;36217.900
Merom College;Honey Creek;42.050541666666700;18837.480
Honey Creek;Claremont;53.242433333333300;30863.940
Honey Creek;Hunt City;120.806958333333000;30783.080
Belle Air;Oblong;1.478030555555560;19797.000
Belle Air;Hunt City;46.013533333333300;17638.840
Oblong;Claremont;21.300286111111100;28649.610
Oblong;Hunt City;121.755963888889000;14325.650
Claremont;Denver;94.677644444444400;18961.620
Claremont;Newton;141.591225000000000;23630.130
Hunt City;Claremont;356.945100000000000;34278.080
Hunt City;Newton;39.288194444444400;20305.890
Olney East Base;Olney West Base;88.543033333333300;6590.780
Olney East Base;Buffalo Mound;149.557427777778000;5154.370
Olney Check Base;Olney West Base;135.298644444444000;8594.680
Olney Check Base;Olney East Base;184.944533333333000;6300.430
Buffalo Mound;Claremont;341.454763888889000;16899.250
Buffalo Mound;Olney West Base;40.757247222222200;6089.470
Olney Middle Base;Olney West Base;88.520030555555500;3292.300
Olney Middle Base;Buffalo Mound;188.589483333333000;4579.340
Olney West Base;Claremont;320.634627777778000;14751.160
Olney West Base;Denver;44.008625000000000;13737.220
Newton;Denver;13.851544444444400;17486.490
Newton;Lucas;93.588508333333300;23267.070
Onion Hill;Claremont;292.385891666667000;16880.300
Onion Hill;Denver;33.799425000000000;5920.070
Denver;Holtzhausen;94.528675000000000;41985.580
Denver;Lucas;134.051011111111000;26498.200
Island Creek;Hunt City;278.289141666667000;27930.460
Island Creek;Newton;323.139722222222000;24731.830
Lucas;Holtzhausen;56.342227777777800;27359.860
Lucas;Mound;116.201705555556000;33002.760
Holtzhausen;Hartlin;63.282791666666700;22830.400
Holtzhausen;Sturgess;115.186477777778000;38967.960
Mound;Holtzhausen;346.833827777778000;30511.560
Mound;Sturgess;65.087669444444400;31234.140
Hartlin;Bording;73.705144444444400;37391.210
Hartlin;Sturgess;150.871977777778000;30690.690
Sturgess;Bording;29.213425000000000;42781.240
Sturgess;Holle;77.548625000000000;27540.840
Bording;Geoffrey;53.418269444444400;11741.590
Bording;Parkinson;111.054316666667000;34651.140
Holle;Bording;348.965400000000000;31972.120
Holle;Parkinson;54.141205555555600;32361.610
Geoffrey;Turkey Hill;78.519650000000000;40590.480
Geoffrey;Berger IL;104.325216666667000;27847.720
Parkinson;Geoffrey;310.093447222222000;30049.720
Parkinson;Berger IL;17.747686111111100;13167.040
Berger IL;Turkey Hill;40.333200000000000;19693.190
Berger IL;Clarks Mound;82.696386111111100;27391.010
Turkey Hill;Dreyer;96.493444444444500;25810.270
Turkey Hill;Clarks Mound;128.548447222222000;18464.860
Sugar Loaf Mound;Berger IL;294.721888888889000;23902.100
Sugar Loaf Mound;Clarks Mound;21.899605555555600;14606.100
American Bottom Upper Base;Clarks Mound;26.743247222222200;10509.110
American Bottom Upper Base;Insane Asylum;73.853002777777800;23849.450
American Bottom Lower Base;Insane Asylum;89.894647222222200;19875.510
American Bottom Lower Base;American Bottom Upper Base;204.648227777778000;7266.880
Clarks Mound;Dreyer;52.425561111111100;14116.490
Clarks Mound;Insane Asylum;98.575200000000000;18386.760
Dreyer;Kleinschmidt;92.203255555555600;11041.210
Dreyer;Insane Asylum;148.281075000000000;13331.100
Insane Asylum;Kleinschmidt;20.187222222222200;11633.630
Insane Asylum;Morgan;126.408961111111000;12831.600
Minoma;Clarks Mound;306.147427777778000;22542.100
Minoma;Insane Asylum;359.916880555556000;10596.590
Kleinschmidt;Patterson;76.064700000000000;18756.110
Kleinschmidt;Morgan;161.164663888889000;19580.450
Morgan;Patterson;27.227569444444400;25931.540
Morgan;Tavern Rock;76.561950000000000;31800.880
Patterson;Lynch;70.171002777777800;18572.290
Patterson;Tavern Rock;129.327572222222000;24677.670
Kessler;Morgan;244.760736111111000;16429.200
Kessler;Patterson;349.293275000000000;16359.660
Lynch;Peters;102.139319444444000;29400.720
Lynch;Dieckhaus;137.458791666667000;27184.750
Tavern Rock;Lynch;355.645972222222000;21999.090
Tavern Rock;Dieckhaus;83.481255555555600;16822.910
Halleck;Tavern Rock;224.475044444444000;21256.580
Halleck;Lynch;292.167700000000000;17928.420
Dieckhaus;Peters;36.680491666666700;17295.300
Dieckhaus;Berger MO;92.535444444444400;30227.620
Peters;Jacobs;81.472866666666700;18242.790
Peters;Berger MO;127.359652777778000;25019.100
Enoch Knob;Dieckhaus;266.471266666667000;16732.050
Enoch Knob;Peters;333.553355555556000;14365.500
Jacobs;Winter;100.168488888889000;14603.170
Jacobs;Berger MO;173.981930555556000;17981.880
Berger MO;Winter;39.200847222222200;19753.390
Berger MO;Gasconade;87.211236111111100;15408.820
Winter;Geyer;84.554191666666700;14272.820
Winter;Turnpike Bluff;138.959244444444000;19134.050
Gasconade;Winter;348.602522222222000;14845.020
Gasconade;Turnpike Bluff;89.255922222222200;9635.820
Turnpike Bluff;Geyer;5.859483333333330;15871.740
Turnpike Bluff;Bradford;80.832227777777800;17658.680
Geyer;Pilot Knob;54.707063888888900;21622.070
Geyer;Bradford;129.359255555556000;20454.900
Bradford;Pilot Knob;4.003755555555560;25530.250
Bradford;McDaniel;39.049641666666700;15141.350
Pilot Knob;Kennedy;93.376050000000000;25994.530
Pilot Knob;McDaniel;150.486947222222000;15751.260
McDaniel;Kennedy;56.146033333333300;21889.400
McDaniel;Cedar;125.078375000000000;27322.730
Kennedy;Belshe;96.008580555555600;27192.710
Kennedy;Cedar;171.345294444444000;28208.010
Cedar;Belshe;42.286997222222200;33864.300
Cedar;Moreau;71.441800000000000;25749.520
Medlock;Moreau;31.895838888888900;14390.600
Medlock;Christian;86.707030555555600;18341.510
Belshe;High Point;129.764744444444000;20223.410
Belshe;Moreau;174.330883333333000;16935.130
Moreau;High Point;74.221955555555600;14414.650
Moreau;Christian;136.141527777778000;15469.030
Christian;Hughes;57.228644444444500;39854.170
Christian;Hubbard;100.883450000000000;27972.260
High Point;Hunter (Versailles South Base);67.450580555555600;17980.880
High Point;Christian;191.716777777778000;15399.800
Cole;Christian;273.133111111111000;15724.120
Cole;High Point;321.687175000000000;20319.260
Hunter (Versailles South Base);Hughes;91.497686111111100;13774.330
Hunter (Versailles South Base);Christian;221.806436111111000;29534.370
Versailles North Base;High Point;270.420280555556000;19475.240
Versailles North Base;Hunter (Versailles South Base);337.823555555556000;7643.850
Hubbard;Schnackenberg;55.632025000000000;34666.370
Hubbard;Heard;98.785255555555600;30301.500
Hughes;Schnackenberg;107.821872222222000;23813.300
Hughes;Hubbard;192.440277777778000;27525.240
Schnackenberg;Kendrick;130.703727777778000;27803.000
Schnackenberg;Heard;176.645913888889000;24233.880
Heard;Kendrick;72.856286111111100;20572.360
Heard;Knob Noster;102.812227777778000;30715.570
Kendrick;High Point Tebo;52.253616666666700;15331.100
Kendrick;Knob Noster;141.220169444444000;16483.730
Knob Noster;High Point Tebo;4.550052777777780;22307.840
Knob Noster;Normal;83.261952777777800;16273.840
High Point Tebo;Caldwell;86.871761111111100;16056.410
High Point Tebo;Normal;144.689763888889000;24906.910
Normal;Baker;90.351175000000000;28892.940
Normal;Chapel Hill;121.693230555556000;32623.270
Caldwell;Baker;128.061658333333000;34671.820
Caldwell;Normal;184.298241666667000;21264.120
Chapel Hill;Baker;3.624633333333330;17000.050
Chapel Hill;Thornton;62.073663888888900;18522.780
Baker;Fulton;58.584338888888900;24405.630
Baker;Thornton;118.459663888889000;17394.240
Hutton Mound;Fulton;134.071680555556000;15625.530
Hutton Mound;Baker;202.094172222222000;25486.340
Thornton;Fulton;14.650569444444400;21727.320
Thornton;Bowler;114.659797222222000;14120.500
Fulton;Berry;131.903388888889000;29150.230
Fulton;Bowler;164.709966666667000;27894.670
Bowler;Berry;62.529677777777800;16154.200
Bowler;Marty;115.338627777778000;26508.270
Berry;Haskin;50.724005555555600;14132.490
Berry;Marty;152.780388888889000;21117.510
Marty;Thomas;49.484788888888900;25514.390
Marty;Eckman;101.638736111111000;29251.150
Haskin;Thomas;121.558394444444000;21302.060
Haskin;Marty;182.566083333333000;27755.180
Thomas;Bebe Mound;62.270605555555600;16352.870
Thomas;Eckman;157.484172222222000;24306.520
Eckman;Bebe Mound;9.684786111111110;30503.420
Eckman;Kanwaka;80.986897222222200;34589.860
Bebe Mound;Simmons;92.691227777777800;32505.090
Bebe Mound;Kanwaka;130.296444444444000;38084.370
Kanwaka;Simmons;8.214447222222220;23356.490
Kanwaka;Elevation;88.149922222222200;31667.310
Simmons;Mabon;92.702733333333300;30569.160
Simmons;Elevation;127.942211111111000;35914.140
Elevation;Clark KS;67.552177777777800;33769.400
Elevation;Adams;104.303413888889000;27882.090
Mabon;Clark KS;104.918330555556000;30088.620
Mabon;Elevation;185.896683333333000;20759.060
Powell;Elevation;245.880722222222000;15840.400
Powell;Mabon;318.928952777778000;18808.380
Adams;Clark KS;11.770108333333300;20222.410
Adams;Zean Dale;99.221208333333300;29460.770
Clark KS;Reinhard;90.512202777777800;38508.210
Clark KS;Zean Dale;134.464061111111000;34984.130
Meyer;Adams;236.938330555556000;23862.870
Meyer;Clark KS;293.091455555555000;17311.180
Zean Dale;Reinhard;29.083577777777800;27695.450
Zean Dale;Erricssen;113.877530555556000;28582.290
Reinhard;Robbins;121.696841666667000;23815.970
Reinhard;Erricssen;160.393908333333000;37951.600
Humboldt;Zean Dale;249.983950000000000;20753.560
Humboldt;Reinhard;340.409522222222000;18185.770
Erricssen;Robbins;17.859213888888900;24426.900
Erricssen;Wilmer;74.870386111111100;29320.840
White City;Robbins;163.110441666667000;20676.600
White City;Reinhard;242.897241666667000;16040.360
Robbins;Taylor KS;59.009625000000000;21133.800
Robbins;Wilmer;126.792286111111000;26008.780
Taylor KS;Iron Mound;79.448763888888900;44553.420
Taylor KS;Vine Creek;126.395300000000000;41065.970
Wilmer;Taylor KS;353.997988888889000;26597.230
Wilmer;Vine Creek;86.040219444444400;30355.620
Frey;Wilmer;227.048772222222000;15810.360
Frey;Taylor KS;317.442344444444000;21279.670
Vine Creek;North Pole Mound;49.002519444444400;25183.040
Vine Creek;Thompson;84.969341666666700;38181.140
Iron Mound;North Pole Mound;152.299252777778000;18113.490
Iron Mound;Vine Creek;197.963808333333000;34253.500
Salina East Base;Iron Mound;345.772694444444000;7481.140
Salina East Base;Salina West Base;68.650838888888900;6552.450
Salina West Base;North Pole Mound;177.482875000000000;11179.660
Salina West Base;Iron Mound;301.454511111111000;9313.810
North Pole Mound;Heath;72.706577777777800;40084.510
North Pole Mound;Thompson;124.556400000000000;23142.190
Thompson;Heath;37.358300000000000;31563.720
Thompson;Lincoln;95.694241666666700;23471.890
Heath;Wilson;93.408116666666700;38094.100
Heath;Golden Belt;123.769419444444000;26820.240
Lincoln;Heath;351.114102777778000;27737.760
Lincoln;Golden Belt;55.231177777777800;21934.930
Golden Belt;Wilson;51.049811111111100;20182.610
Golden Belt;Meades Ranch;143.355588888889000;34001.330
Wilson;Bunker Hill;92.450500000000000;18940.560
Wilson;Meades Ranch;173.324063888889000;40232.350
Meades Ranch;Bunker Hill;19.961886111111100;41661.110
Meades Ranch;Waldo;75.471255555555600;25783.110
Bunker Hill;Allen;71.089805555555600;15253.900
Bunker Hill;Waldo;161.715861111111000;34407.650
Waldo;Allen;5.442780555555560;37789.350
Waldo;Blue Hill;48.976336111111100;30876.870
Allen;Fairmount;34.496405555555600;20400.250
Allen;Blue Hill;131.333419444444000;26260.110
Fairmount;La Crosse;68.739638888888900;24757.560
Fairmount;Hays;138.994625000000000;35254.180
Blue Hill;Fairmount;346.414086111111000;35118.520
Blue Hill;Hays;63.126586111111100;16714.450
La Crosse;Hays;179.739777777778000;35581.720
Smoky Hill;Hays;228.964863888889000;31841.320
Smoky Hill;La Crosse;301.142802777778000;28377.880
Trego;Hays;266.759661111111000;31832.070
Trego;Smoky Hill;337.858480555556000;20651.830
Skaggs;Trego;200.678319444444000;28595.980
Skaggs;Smoky Hill;246.907247222222000;19465.490
Big Creek;Trego;277.746883333333000;23506.360
Big Creek;Skaggs;336.145877777778000;32735.530
Schmidt;Big Creek;206.624441666667000;28741.660
Schmidt;Skaggs;279.169247222222000;26506.080
Canyon;Indian Creek;171.891083333333000;23570.520
Canyon;Schmidt;262.434897222222000;33581.990
Indian Creek;Big Creek;262.097125000000000;49857.690
Indian Creek;Schmidt;297.294944444444000;41210.930
Beaver;Indian Creek;244.517500000000000;37249.480
Beaver;Canyon;281.133547222222000;37769.800
Monument;Indian Creek;275.545586111111000;35677.840
Monument;Beaver;354.461950000000000;19573.420
Gopher;Monument;293.210663888889000;25808.340
Gopher;Beaver;319.116477777778000;39214.450
Sheridan;Gopher;229.306461111111000;22439.940
Sheridan;Beaver;289.291161111111000;45287.330
Teeters Hill;Gopher;288.208616666667000;29030.440
Teeters Hill;Sheridan;335.961722222222000;25978.370
Wallace Bluffs;Teeters Hill;200.238752777778000;26521.600
Wallace Bluffs;Sheridan;266.612616666667000;19819.080
Turtle;Teeters Hill;256.676383333333000;24950.360
Turtle;Wallace Bluffs;321.651077777778000;24420.760
Curlew;Turtle;186.211116666667000;20219.260
Curlew;Wallace Bluffs;266.855652777778000;17370.820
McLane;Turtle;273.533008333333000;17921.880
McLane;Curlew;323.419461111111000;26411.940
Arapahoe;McLane;201.223683333333000;31530.140
Arapahoe;Curlew;253.205316666667000;28396.270
Monotony;McLane;269.222141666667000;24759.270
Monotony;Arapahoe;335.268138888889000;32010.990
Cheyenne Wells;Monotony;236.390713888889000;15684.560
Cheyenne Wells;Arapahoe;307.546575000000000;33427.340
First View;Cheyenne Wells;216.603858333333000;21552.340
First View;Arapahoe;274.393555555556000;39503.400
Landsman;Cheyenne Wells;268.731086111111000;16219.580
Landsman;First View;348.748091666667000;17280.190
Kit Carson;Eureka;179.506055555556000;30605.710
Kit Carson;First View;248.984188888889000;28947.640
Eureka;Landsman;277.836169444444000;24088.700
Eureka;First View;306.542111111111000;33963.140
Overland;Eureka;284.176000000000000;27547.700
Overland;Aroya;2.106913888888890;26239.270
Aroya;Eureka;234.857511111111000;33839.260
Aroya;Kit Carson;291.639330555556000;30169.160
Hugo;Overland;277.753619444444000;29936.140
Hugo;Aroya;316.423341666667000;41774.790
Adobe;Hugo;184.586313888889000;44308.580
Adobe;Aroya;246.726783333333000;35218.510
Square Bluffs;Hugo;227.648519444444000;36906.680
Square Bluffs;Adobe;308.983744444444000;30701.130
Cramers Gulch;Square Bluffs;197.272658333333000;30108.260
Cramers Gulch;Adobe;253.918933333333000;34162.900
Holt;Hugo;263.987577777778000;39842.730
Holt;Square Bluffs;329.142122222222000;24151.640
Big Springs;Square Bluffs;253.009680555556000;38478.350
Big Springs;Cramers Gulch;302.098077777778000;33005.230
Holcolm Hills;Holt;262.090994444444000;30168.460
Holcolm Hills;Big Springs;348.698836111111000;28354.270
El Paso East Base;Divide;160.976727777778000;13472.250
El Paso East Base;Holcolm Hills;247.809905555556000;13568.970
Divide;Holcolm Hills;294.144730555556000;18585.500
Divide;Big Springs;327.469191666667000;41981.610
Plateau;Pikes Peak;139.601512500000000;65495.320
Plateau;Big Springs;213.322728333333000;47805.010
El Paso West Base;Divide;212.803608333333000;12188.020
El Paso West Base;El Paso East Base;282.721008333333000;11289.180
Corral Bluffs;El Paso West Base;181.715955555556000;12078.390
Corral Bluffs;El Paso East Base;229.870955555556000;14875.680
Pikes Peak;Divide;240.799521388889000;52673.500
Pikes Peak;Big Springs;277.919923888889000;69423.130
Bison;Divide;282.015152500000000;87141.540
Bison;Pikes Peak;318.214570555556000;59101.180
Mount Ouray;Bison;214.656225555556000;110377.410
Mount Ouray;Pikes Peak;245.349351944444000;112774.750
Mount Elbert;Bison;260.415603055556000;82965.960
Mount Elbert;Mount Ouray;345.977938333333000;79504.240
Treasury Mountain;Mount Elbert;258.318696944444000;57730.330
Treasury Mountain;Mount Ouray;310.543031944444000;100470.890
Uncompahgre;Treasury Mountain;196.717805000000000;109320.600
Uncompahgre;Mount Ouray;249.832405000000000;115110.460
Tavaputs;Treasury Mountain;288.920370277778000;174569.800
Tavaputs;Mount Waas;9.886050277777780;112740.810
Mount Waas;Treasury Mountain;253.421766111111000;192356.710
Mount Waas;Uncompahgre;288.024402777778000;162926.730
Patmos Head;Tavaputs;267.462240555556000;112788.370
Patmos Head;Mount Waas;318.246658055556000;142552.330
Mount Ellen;Patmos Head;195.601239444444000;159283.420
Mount Ellen;Mount Waas;251.024381388889000;146290.190
Wasatch;Patmos Head;245.971169444444000;107094.020
Wasatch;Mount Ellen;333.019692777778000;123556.310
Mount Nebo;Patmos Head;284.928523333333000;129043.980
Mount Nebo;Wasatch;340.704796944444000;81792.990
Ogden Peak;Mount Nebo;356.328958055556000;154587.310
Ogden Peak;Deseret;37.609949722222200;103450.290
Waddoup;Antelope;102.555509444444000;28390.930
Waddoup;Ogden Peak;180.715717777778000;32539.900
Salt Lake SE Base;Antelope;63.090629722222200;18646.390
Salt Lake SE Base;Salt Lake NW Base;135.744228611111000;11198.680
Salt Lake NW Base;Ogden Peak;242.629493333333000;21683.050
Salt Lake NW Base;Antelope;28.102707222222200;18670.360
Antelope;Ogden Peak;226.626671944444000;38545.880
Antelope;Deseret;31.987108333333300;65696.100
Tushar;Mount Nebo;199.687084722222000;164256.130
Tushar;Wasatch;226.877959722222000;113592.390
Promontory;Ogden Peak;283.400851944444000;46376.980
Promontory;Antelope;335.289781111111000;41043.970
Deseret;Mount Nebo;314.237421111111000;102774.990
Deseret;Ibepah;57.962370277777800;130623.690
Ibepah;Mount Nebo;269.918218888889000;184375.270
Ibepah;Tushar;319.718241388889000;203594.160
Pioche;Wheeler Peak;168.443740000000000;113300.720
Pioche;Tushar;250.982930555556000;151431.850
Pilot Peak;Deseret;296.496209444444000;137517.740
Pilot Peak;Ibepah;354.184390277778000;133144.560
Wheeler Peak;Ibepah;199.826470277778000;99493.310
Wheeler Peak;Tushar;290.222882500000000;176948.000
White Pine;Wheeler Peak;234.053656944444000;127151.820
White Pine;Pioche;285.780761944444000;132367.110
Diamond Peak;Wheeler Peak;296.652101388889000;145874.650
Diamond Peak;White Pine;348.844021944444000;143154.980
Mount Callahan;Diamond Peak;277.733084444444000;98152.130
Mount Callahan;Toiyabe Dome;19.755286388888900;103335.740
Toiyabe Dome;Diamond Peak;237.300015555556000;156641.410
Toiyabe Dome;White Pine;288.878763055556000;171072.830
Lone Mountain;Mount Grant;118.513247500000000;128625.600
Lone Mountain;Toiyabe Dome;187.791525555556000;90573.820
Carson Sink;Mount Callahan;262.342032500000000;111148.090
Carson Sink;Toiyabe Dome;317.267586666667000;112907.290
Mount Grant;Carson Sink;202.993440555556000;122287.650
Mount Grant;Toiyabe Dome;256.450225555556000;128463.560
Mount Como;Carson Sink;239.335563611111000;123697.100
Mount Como;Mount Grant;309.963161111111000;77603.440
Pah Rah;Mount Como;359.983551666667000;85836.420
Pah Rah;Mount Lola;62.601792500000000;86386.110
Mount Conness;Round Top CA;142.658323611111000;97529.810
Mount Conness;Mount Grant;214.539376666667000;81453.530
Round Top CA;Mount Como;228.886153888889000;60587.940
Round Top CA;Mount Grant;275.237785000000000;105854.450
Mount Lola;Mount Como;300.426324722222000;89495.560
Mount Lola;Round Top CA;339.634167500000000;91039.140
Mocho;Mount Tamalpais;118.691569166667000;104307.600
Mocho;Mount Diablo;144.961848888889000;54890.120
Southeast Yolo Base;Vaca;55.821235277777800;30029.780
Southeast Yolo Base;Monticello;114.032742500000000;37160.800
Northwest Yolo Base;Southeast Yolo Base;343.086279722222000;17486.510
Northwest Yolo Base;Monticello;86.792318055555600;28906.930
Mount Diablo;Mount Lola;217.581695555556000;218704.430
Mount Diablo;Round Top CA;242.007497222222000;188566.860
Vaca;Mount Diablo;344.700896944444000;56830.390
Vaca;Mount Helena;124.430963611111000;57910.570
Monticello;Vaca;343.890932777778000;33271.520
Monticello;Mount Helena;91.075090555555600;38577.560
Mount Tamalpais;Mount Helena;177.782495555556000;82806.000
Mount Tamalpais;Mount Diablo;274.256146388889000;60205.710
Mount Helena;Mount Lola;245.939087222222000;213873.220
Mount Helena;Mount Diablo;324.027087777778000;107728.960
Snow Mountain West;Mount Helena;352.101313888889000;79298.640
Snow Mountain West;Ross Mountain;18.051861111111100;101704.730
Mount Sanhedrin;Snow Mountain West;297.864050000000000;32892.340
Mount Sanhedrin;Cold Spring;34.045297222222200;66041.970
Ross Mountain;Mount Helena;246.603296666667000;46133.460
Ross Mountain;Mount Tamalpais;324.456957222222000;79153.780
Paxton;Cold Spring;55.423672222222200;22123.220
Paxton;Two Rock;155.432777777778000;27621.540
Two Rock;Cold Spring;10.046163888888900;38272.700
Two Rock;Great Caspar;84.579988888888900;23783.820
Cold Spring;Snow Mountain West;238.947063888889000;76884.340
Cold Spring;Mount Helena;296.614205555556000;86598.420
Fisher;Paxton;251.967827777778000;24967.750
Fisher;Cold Spring;311.260922222222000;7401.500
Great Caspar;Mount Sanhedrin;249.959863888889000;57164.250
Great Caspar;Cold Spring;334.198038888889000;39306.250
Stone;Cape May Lighthouse;283.230558333333000;32718.600
Egg Island Lighthouse;Cape May Lighthouse;330.732716666667000;31268.270
Stone;Egg Island Lighthouse;219.878508333333000;25744.490
Mahon;Egg Island Lighthouse;270.210255555556000;22789.760
Stone;Cape Henlopen Lighthouse;319.377472222222000;32550.560
Cape May Lighthouse;Cape Henlopen Lighthouse;31.986811111111100;20249.390
Stone;Brandywine Shoal Lighthouse;275.034986111111000;18677.980
Egg Island Lighthouse;Brandywine Shoal Lighthouse;354.515941666667000;21498.460
Hartley;Stone;303.684688888889000;35770.230
Mahon;Stone;342.396805555556000;20828.700
Kent;Mahon;229.216938888889000;31699.030
Hartley;Mahon;270.010813888889000;23406.220
Kent;Hartley;181.648200000000000;20717.010
Barclay;Hartley;254.923983333333000;16039.960
Hope;Kent;281.336608333333000;27378.670
Barclay;Kent;317.921983333333000;22280.810
Hope;Barclay;226.878636111111000;16287.280
Still Pond;Barclay;318.851725000000000;25396.850
Linstid;Hope;276.721672222222000;43362.590
Clough;Hope;315.192475000000000;24885.280
Pooles Island;Turkey Point;230.167469444444000;28476.320
Osbornes Ruin;Turkey Point;274.185852777778000;23447.790
Hope;Still Pond;170.967705555556000;30647.520
Clough;Still Pond;225.129800000000000;17861.210
Linstid;Clough;243.817341666667000;28382.250
Finlay;Clough;308.362747222222000;36758.530
Linstid;Pooles Island;221.314311111111000;29021.270
Finlay;Pooles Island;301.033438888889000;26267.500
Kent Island North Base;Swan Point;195.761361111111000;19350.360
Linstid;Swan Point;251.819561111111000;18713.340
Pooles Island;Osbornes Ruin;175.651861111111000;20014.140
Finlay;Osbornes Ruin;252.973866666667000;21892.200
Marriott;Kent Island North Base;244.514452777778000;25808.680
Linstid;Kent Island North Base;315.542030555556000;17922.480
Marriott;Kent Island South Base;262.741566666667000;21303.160
Taylor MD;Kent Island South Base;321.728213888889000;13916.470
Marriott;Taylor MD;222.568880555556000;18471.340
Linstid;Taylor MD;350.315875000000000;10427.930
Marriott;Linstid;204.189991666667000;26179.190
Webb;Linstid;270.460544444444000;16375.860
Linstid;Finlay;174.598522222222000;35507.190
Webb;Finlay;200.205766666667000;37519.920
Hill;Marriott;276.456447222222000;23643.940
Webb;Marriott;346.729005555556000;24678.840
Hill;Webb;219.780869444444000;27779.290
Stabler;Webb;277.184833333333000;27040.670
Peach Grove;Hill;274.421413888889000;30381.540
Stabler;Hill;339.857627777778000;26363.210
Webb;Soper;88.995194444444500;23810.900
Hill;Soper;163.885358333333000;21730.820
Peach Grove;Stabler;223.371158333333000;30793.340
Sugar Loaf;Stabler;293.761491666667000;38593.450
Bull Run;Sugar Loaf;212.294180555556000;50067.010
Maryland Heights;Sugar Loaf;287.295441666667000;29203.350
Bull Run;Maryland Heights;178.727883333333000;51021.500
Mount Marshall;Maryland Heights;213.709330555556000;75530.480
Bull Run;Peach Grove;263.891833333333000;41328.830
Sugar Loaf;Peach Grove;339.475747222222000;40546.920
Clark VA;Bull Run;202.324669444444000;68461.610
Mount Marshall;Bull Run;254.730905555556000;44915.940
Humpback;Clark VA;242.601397222222000;88271.220
Fork;Clark VA;297.174719444444000;40581.400
Clark VA;Mount Marshall;161.412750000000000;54435.630
Fork;Mount Marshall;209.312550000000000;37827.730
Humpback;Fork;215.571030555556000;72494.890
Elliott Knob;Fork;245.888386111111000;85877.370
Tobacco Row;Spear;270.470022222222000;37785.590
Humpback;Spear;344.335738888889000;44594.720
Bald Knob;Humpback;267.950222222222000;83736.590
Elliott Knob;Humpback;303.422855555556000;43706.280
Elliott Knob;Slate Springs;196.549963888889000;39776.980
Paddys Knob;Slate Springs;242.926725000000000;59934.310
Bald Knob;Tobacco Row;304.271152777778000;70638.720
Humpback;Tobacco Row;31.197225000000000;49698.070
Bald Knob;Elliott Knob;240.288161111111000;54190.730
Paddys Knob;Elliott Knob;284.483791666667000;43621.880
Bald Knob;Paddys Knob;187.283502777778000;38051.660
Briery;Paddys Knob;254.156002777778000;49886.530
Keeney;Bald Knob;257.076047222222000;77037.370
Briery;Bald Knob;299.111994444444000;49638.600
Keeney;Briery;217.500841666667000;51948.670
Beach;Briery;261.100461111111000;23131.380
Ivy;Beach;244.893705555556000;85804.430
Summersville;Beach;309.123450000000000;29793.830
Ivy;Keeney;271.056569444444000;69251.000
Beach;Keeney;13.195550000000000;38620.620
Ivy;Summersville;224.689419444444000;77437.030
Table Rock;Summersville;260.734980555556000;66134.760
Pigeon;Ivy;313.920644444444000;70373.360
Table Rock;Ivy;346.245675000000000;45791.320
Summersville;Holmes;104.583666666667000;65333.920
Table Rock;Holmes;184.113725000000000;26656.660
Pigeon;Table Rock;276.328402777778000;39829.230
Piney;Table Rock;306.090077777778000;48053.500
Rogers;Ryan;249.511252777778000;4640.040
Simms;Ryan;327.171977777778000;7566.990
Rogers;St. Albans East Base;274.126547222222000;4245.420
Ryan;St. Albans East Base;3.355794444444440;1932.870
Piney;Coal;295.307444444444000;22517.430
Simms;Coal;352.707633333333000;10718.950
Ryan;St. Albans West Base;79.115522222222200;3862.220
St. Albans East Base;St. Albans West Base;108.065200000000000;3870.400
Big Rocks;Simms;212.043905555556000;13836.080
Piney;Simms;266.972377777778000;18997.240
Simms;Rogers;1.753352777777780;7986.280
Coal;Rogers;148.806205555556000;3097.870
Pigeon;Big Rocks;223.256958333333000;18095.110
Piney;Big Rocks;312.668113888889000;15839.550
Davis;Piney;248.188200000000000;27774.430
Gebhardt;Piney;298.954386111111000;19457.130
Davis;Pigeon;298.434061111111000;28552.310
Piney;Pigeon;1.807452777777780;23924.490
Davis;Gebhardt;203.928233333333000;21575.110
Wray;Gebhardt;291.880216666667000;19520.810
Oakland;Davis;272.667361111111000;25780.110
Wray;Davis;340.833052777778000;28590.740
Oakland;Wray;212.313516666667000;30512.320
Fradd;Wray;271.016955555555000;7917.680
Buena Vista;Fradd;224.790686111111000;31451.430
Gould;Fradd;281.365961111111000;24947.670
Buena Vista;Gould;175.176727777778000;27341.150
Howland;Gould;264.722036111111000;13690.610
Twin Creek;Scioto;251.312750000000000;21155.860
Peach Mount;Scioto;298.412683333333000;30738.910
Cherry Ridge;Twin Creek;255.119627777778000;18130.390
Peach Mount;Twin Creek;341.900675000000000;22537.430
Cherry Ridge;Peach Mount;201.924294444444000;28101.290
Cave Hill;Peach Mount;255.937891666667000;21102.410
Minerva;Cave Hill;240.595241666667000;31937.600
Ash Ridge;Cave Hill;299.800750000000000;15818.550
Minerva;Ash Ridge;210.913222222222000;27411.800
Tate;Ash Ridge;273.829472222222000;32822.680
Flaughter;Tate;200.571952777778000;24914.150
Stevens;Tate;266.584527777778000;32919.040
Buena Vista;Oakland;284.662727777778000;14273.640
Fradd;Oakland;18.004180555555600;27244.570
Cave;Buena Vista;305.226133333333000;28578.740
Howland;Buena Vista;328.396038888889000;30504.440
Round Top KY;Howland;263.389033333333000;19416.440
Scioto;Howland;339.980608333333000;15770.770
Round Top KY;Cave;301.236447222222000;13994.190
Howland;Cave;37.782633333333300;11988.060
Twin Creek;Round Top KY;328.932152777778000;11997.120
Scioto;Round Top KY;39.222969444444400;21969.630
Minerva;Cherry Ridge;277.869144444444000;38267.150
Cave Hill;Cherry Ridge;334.465672222222000;23223.120
Flaughter;Minerva;274.981100000000000;27609.430
Tate;Minerva;323.972591666667000;31831.460
Dry Ridge;Flaughter;258.824502777778000;30407.690
Stevens;Flaughter;311.500913888889000;32281.710
Dry Ridge;Stevens;191.683736111111000;27844.260
Tanner;Stevens;305.366452777778000;14781.630
Stow;Dry Ridge;297.754650000000000;41268.570
Tanner;Dry Ridge;349.814077777778000;36401.300
Stow;Tanner;241.022550000000000;34233.460
Reizin;Tanner;276.946941666667000;42609.070
Culbertson;Stow;262.599744444444000;17132.160
Reizin;Stow;330.402897222222000;25054.710
Culbertson;Reizin;190.862061111111000;24422.580
Correct;Reizin;253.716541666667000;12919.760
Mud Lick;Culbertson;276.025702777778000;16303.030
Correct;Culbertson;338.988347222222000;21817.720
Stout;Correct;234.759705555556000;31292.240
Green;Correct;296.865227777778000;21314.300
Reizin;Glasgow;114.959980555556000;14987.660
Correct;Glasgow;173.127566666667000;9997.560
Holton North Base;Holton South Base;355.893958333333000;5500.570
Correct;Holton South Base;102.931811111111000;7487.660
Glasgow;Holton North Base;66.928494444444500;7053.710
Correct;Holton North Base;132.979902777778000;10506.180
Stout;Mud Lick;272.026591666667000;17240.480
Correct;Mud Lick;24.230152777777800;20439.040
Stout;Green;193.288880555556000;28433.300
Tripp;Green;226.751611111111000;16739.450
Miller;Stout;268.254427777778000;39725.890
Tripp;Stout;340.695966666667000;17172.920
Miller;Tripp;242.880688888889000;38155.710
Weed Patch;Tripp;290.358144444444000;52955.870
Fountain;Miller;300.251044444444000;22011.750
Weed Patch;Miller;336.340186111111000;39176.810
Fountain;Weed Patch;187.532219444444000;25003.760
Leonard;Weed Patch;258.826213888889000;34169.730
Beard;Fountain;274.842894444444000;31075.660
Leonard;Fountain;300.929050000000000;35369.240
Beard;Rariden;339.802308333333000;24836.930
Fountain;Rariden;47.488894444444500;30482.800
Beard;Leonard;182.295433333333000;15565.630
Calvary;Leonard;259.723383333333000;18455.400
Osborn;Beard;241.641536111111000;26064.400
Calvary;Beard;304.910202777778000;21426.230
Sisson;Calvary;253.426305555556000;42561.750
Wright;Calvary;277.960830555556000;33238.720
Sisson;Osborn;289.393977777778000;37684.970
Calvary;Osborn;12.310697222222200;25206.380
Sisson;Wright;205.218794444444000;18471.950
Merom College;Wright;256.282177777778000;32903.230
Summit;Sisson;197.623019444444000;24247.150
Merom College;Sisson;290.302222222222000;25744.850
Claremont;Summit;269.349475000000000;54228.690
Honey Creek;Summit;301.422855555556000;34569.360
Summit;Merom College;152.389377777778000;36217.900
Honey Creek;Merom College;221.959005555556000;18837.480
Claremont;Honey Creek;233.064022222222000;30863.940
Hunt City;Honey Creek;300.614727777778000;30783.080
Oblong;Belle Air;181.474313888889000;19797.000
Hunt City;Belle Air;225.921011111111000;17638.840
Claremont;Oblong;201.225138888889000;28649.610
Hunt City;Oblong;301.667330555556000;14325.650
Denver;Claremont;274.541491666667000;18961.620
Newton;Claremont;321.485055555556000;23630.130
Claremont;Hunt City;176.958300000000000;34278.080
Newton;Hunt City;219.194894444444000;20305.890
Olney West Base;Olney East Base;268.495405555556000;6590.780
Buffalo Mound;Olney East Base;329.538530555556000;5154.370
Olney West Base;Olney Check Base;315.254969444444000;8594.680
Olney East Base;Olney Check Base;4.948455555555560;6300.430
Claremont;Buffalo Mound;161.493533333333000;16899.250
Olney West Base;Buffalo Mound;220.728497222222000;6089.470
Olney West Base;Olney Middle Base;268.496238888889000;3292.300
Buffalo Mound;Olney Middle Base;8.594433333333340;4579.340
Claremont;Olney West Base;140.702086111111000;14751.160
Denver;Olney West Base;223.939788888889000;13737.220
Denver;Newton;193.821330555556000;17486.490
Lucas;Newton;273.420216666667000;23267.070
Claremont;Onion Hill;112.498372222222000;16880.300
Denver;Onion Hill;213.775683333333000;5920.070
Holtzhausen;Denver;274.226872222222000;41985.580
Lucas;Denver;313.913216666667000;26498.200
Hunt City;Island Creek;98.490475000000000;27930.460
Newton;Island Creek;143.247413888889000;24731.830
Holtzhausen;Lucas;236.177719444444000;27359.860
Mound;Lucas;295.986375000000000;33002.760
Hartlin;Holtzhausen;243.136036111111000;22830.400
Sturgess;Holtzhausen;294.931183333333000;38967.960
Holtzhausen;Mound;166.884102777778000;30511.560
Sturgess;Mound;244.881991666667000;31234.140
Bording;Hartlin;253.447738888889000;37391.210
Sturgess;Hartlin;330.763933333333000;30690.690
Bording;Sturgess;209.063275000000000;42781.240
Holle;Sturgess;257.353875000000000;27540.840
Geoffrey;Bording;233.350822222222000;11741.590
Parkinson;Bording;290.821983333333000;34651.140
Bording;Holle;169.009380555556000;31972.120
Parkinson;Holle;233.952188888889000;32361.610
Turkey Hill;Geoffrey;258.235808333333000;40590.480
Berger IL;Geoffrey;284.132038888889000;27847.720
Geoffrey;Parkinson;130.258091666667000;30049.720
Berger IL;Parkinson;197.718894444444000;13167.040
Turkey Hill;Berger IL;220.242188888889000;19693.190
Clarks Mound;Berger IL;262.501891666667000;27391.010
Dreyer;Turkey Hill;276.310486111111000;25810.270
Clarks Mound;Turkey Hill;308.445222222222000;18464.860
Berger IL;Sugar Loaf Mound;114.877591666667000;23902.100
Clarks Mound;Sugar Loaf Mound;201.860566666667000;14606.100
Clarks Mound;American Bottom Upper Base;206.709375000000000;10509.110
Insane Asylum;American Bottom Upper Base;253.688811111111000;23849.450
Insane Asylum;American Bottom Lower Base;269.752288888889000;19875.510
American Bottom Upper Base;American Bottom Lower Base;24.669966666666700;7266.880
Dreyer;Clarks Mound;232.345650000000000;14116.490
Insane Asylum;Clarks Mound;278.445011111111000;18386.760
Kleinschmidt;Dreyer;272.124511111111000;11041.210
Insane Asylum;Dreyer;328.230930555556000;13331.100
Kleinschmidt;Insane Asylum;200.158536111111000;11633.630
Morgan;Insane Asylum;306.334869444444000;12831.600
Clarks Mound;Minoma;126.277861111111000;22542.100
Insane Asylum;Minoma;179.916991666667000;10596.590
Patterson;Kleinschmidt;255.934902777778000;18756.110
Morgan;Kleinschmidt;341.119358333333000;19580.450
Patterson;Morgan;207.142819444444000;25931.540
Tavern Rock;Morgan;256.340238888889000;31800.880
Lynch;Patterson;250.046663888889000;18572.290
Tavern Rock;Patterson;309.191050000000000;24677.670
Morgan;Kessler;64.867363888888900;16429.200
Patterson;Kessler;169.314969444444000;16359.660
Peters;Lynch;281.934605555556000;29400.720
Dieckhaus;Lynch;317.327477777778000;27184.750
Lynch;Tavern Rock;175.657877777778000;21999.090
Dieckhaus;Tavern Rock;263.361586111111000;16822.910
Tavern Rock;Halleck;44.581558333333300;21256.580
Lynch;Halleck;112.285869444444000;17928.420
Peters;Dieckhaus;216.606763888889000;17295.300
Berger MO;Dieckhaus;272.319211111111000;30227.620
Jacobs;Peters;261.344375000000000;18242.790
Berger MO;Peters;307.217452777778000;25019.100
Dieckhaus;Enoch Knob;86.590802777777800;16732.050
Peters;Enoch Knob;153.599008333333000;14365.500
Winter;Jacobs;280.066086111111000;14603.170
Berger MO;Jacobs;353.968452777778000;17981.880
Winter;Berger MO;219.111744444444000;19753.390
Gasconade;Berger MO;267.101036111111000;15408.820
Geyer;Winter;264.452972222222000;14272.820
Turnpike Bluff;Winter;318.869427777778000;19134.050
Winter;Gasconade;168.623458333333000;14845.020
Turnpike Bluff;Gasconade;269.186941666667000;9635.820
Geyer;Turnpike Bluff;185.847925000000000;15871.740
Bradford;Turnpike Bluff;260.707497222222000;17658.680
Pilot Knob;Geyer;234.581708333333000;21622.070
Bradford;Geyer;309.246275000000000;20454.900
Pilot Knob;Bradford;183.991077777778000;25530.250
McDaniel;Bradford;218.981591666667000;15141.350
Kennedy;Pilot Knob;273.191894444444000;25994.530
McDaniel;Pilot Knob;330.431730555556000;15751.260
Kennedy;McDaniel;236.016852777778000;21889.400
Cedar;McDaniel;304.918486111111000;27322.730
Belshe;Kennedy;275.816513888889000;27192.710
Cedar;Kennedy;351.314977777778000;28208.010
Belshe;Cedar;222.124725000000000;33864.300
Moreau;Cedar;251.267297222222000;25749.520
Moreau;Medlock;211.841461111111000;14390.600
Christian;Medlock;266.575752777778000;18341.510
High Point;Belshe;309.653988888889000;20223.410
Moreau;Belshe;354.318952777778000;16935.130
High Point;Moreau;254.122961111111000;14414.650
Christian;Moreau;316.064777777778000;15469.030
Hughes;Christian;236.989577777778000;39854.170
Hubbard;Christian;280.686305555556000;27972.260
Hunter (Versailles South Base);High Point;247.332297222222000;17980.880
Christian;High Point;11.739161111111100;15399.800
Christian;Cole;93.245669444444500;15724.120
High Point;Cole;141.777180555556000;20319.260
Hughes;Hunter (Versailles South Base);271.399666666667000;13774.330
Christian;Hunter (Versailles South Base);41.947263888888900;29534.370
High Point;Versailles North Base;90.559211111111100;19475.240
Hunter (Versailles South Base);Versailles North Base;157.844105555556000;7643.850
Schnackenberg;Hubbard;235.427452777778000;34666.370
Heard;Hubbard;278.570005555556000;30301.500
Schnackenberg;Hughes;287.660225000000000;23813.300
Hubbard;Hughes;12.482741666666700;27525.240
Kendrick;Schnackenberg;310.552725000000000;27803.000
Heard;Schnackenberg;356.635741666667000;24233.880
Kendrick;Heard;252.715111111111000;20572.360
Knob Noster;Heard;282.596519444444000;30715.570
High Point Tebo;Kendrick;232.166794444444000;15331.100
Knob Noster;Kendrick;321.145858333333000;16483.730
High Point Tebo;Knob Noster;184.537361111111000;22307.840
Normal;Knob Noster;263.145530555556000;16273.840
Caldwell;High Point Tebo;266.757063888889000;16056.410
Normal;High Point Tebo;324.586283333333000;24906.910
Baker;Normal;270.143077777778000;28892.940
Chapel Hill;Normal;301.492538888889000;32623.270
Baker;Caldwell;307.865447222222000;34671.820
Normal;Caldwell;4.309697222222220;21264.120
Baker;Chapel Hill;183.616880555556000;17000.050
Thornton;Chapel Hill;241.955372222222000;18522.780
Fulton;Baker;238.434750000000000;24405.630
Thornton;Baker;298.349316666667000;17394.240
Fulton;Hutton Mound;313.991238888889000;15625.530
Baker;Hutton Mound;22.163058333333300;25486.340
Fulton;Thornton;194.611069444444000;21727.320
Bowler;Thornton;294.567000000000000;14120.500
Berry;Fulton;311.747083333333000;29150.230
Bowler;Fulton;344.656883333333000;27894.670
Berry;Bowler;242.426147222222000;16154.200
Marty;Bowler;295.164841666667000;26508.270
Haskin;Berry;230.645197222222000;14132.490
Marty;Berry;332.710375000000000;21117.510
Thomas;Marty;229.344455555556000;25514.390
Eckman;Marty;281.430413888889000;29251.150
Thomas;Haskin;301.427425000000000;21302.060
Marty;Haskin;2.575083333333330;27755.180
Bebe Mound;Thomas;242.166230555556000;16352.870
Eckman;Thomas;337.416600000000000;24306.520
Bebe Mound;Eckman;189.647702777778000;30503.420
Kanwaka;Eckman;260.738652777778000;34589.860
Simmons;Bebe Mound;272.457194444444000;32505.090
Kanwaka;Bebe Mound;310.085988888889000;38084.370
Simmons;Kanwaka;188.190336111111000;23356.490
Elevation;Kanwaka;267.920111111111000;31667.310
Mabon;Simmons;272.482541666667000;30569.160
Elevation;Simmons;307.737025000000000;35914.140
Clark KS;Elevation;247.326241666667000;33769.400
Adams;Elevation;284.106961111111000;27882.090
Clark KS;Mabon;284.708280555556000;30088.620
Elevation;Mabon;5.912136111111110;20759.060
Elevation;Powell;65.985619444444400;15840.400
Mabon;Powell;139.018197222222000;18808.380
Clark KS;Adams;191.740227777778000;20222.410
Zean Dale;Adams;279.009400000000000;29460.770
Reinhard;Clark KS;270.233783333333000;38508.210
Zean Dale;Clark KS;314.282552777778000;34984.130
Adams;Meyer;57.083661111111100;23862.870
Clark KS;Meyer;113.206663888889000;17311.180
Reinhard;Zean Dale;208.986008333333000;27695.450
Erricssen;Zean Dale;293.686586111111000;28582.290
Robbins;Reinhard;301.549913888889000;23815.970
Erricssen;Reinhard;340.301088888889000;37951.600
Zean Dale;Humboldt;70.125947222222200;20753.560
Reinhard;Humboldt;160.453683333333000;18185.770
Robbins;Erricssen;197.804708333333000;24426.900
Wilmer;Erricssen;254.663725000000000;29320.840
Robbins;White City;343.066916666667000;20676.600
Reinhard;White City;63.000413888888900;16040.360
Taylor KS;Robbins;238.878422222222000;21133.800
Wilmer;Robbins;306.640555555556000;26008.780
Iron Mound;Taylor KS;259.132488888889000;44553.420
Vine Creek;Taylor KS;306.154861111111000;41065.970
Taylor KS;Wilmer;174.018158333333000;26597.230
Vine Creek;Wilmer;265.819383333333000;30355.620
Wilmer;Frey;47.133113888888900;15810.360
Taylor KS;Frey;137.546619444444000;21279.670
North Pole Mound;Vine Creek;228.864458333333000;25183.040
Thompson;Vine Creek;264.692252777778000;38181.140
North Pole Mound;Iron Mound;332.238283333333000;18113.490
Vine Creek;Iron Mound;18.040588888888900;34253.500
Iron Mound;Salina East Base;165.785969444444000;7481.140
Salina West Base;Salina East Base;248.606727777778000;6552.450
North Pole Mound;Salina West Base;357.479319444444000;11179.660
Iron Mound;Salina West Base;121.511863888889000;9313.810
Heath;North Pole Mound;252.429758333333000;40084.510
Thompson;North Pole Mound;304.417772222222000;23142.190
Heath;Thompson;217.219594444444000;31563.720
Lincoln;Thompson;275.524055555556000;23471.890
Wilson;Heath;273.133263888889000;38094.100
Golden Belt;Heath;303.607813888889000;26820.240
Heath;Lincoln;171.145138888889000;27737.760
Golden Belt;Lincoln;235.100222222222000;21934.930
Wilson;Golden Belt;230.936200000000000;20182.610
Meades Ranch;Golden Belt;323.207377777778000;34001.330
Bunker Hill;Wilson;272.313672222222000;18940.560
Meades Ranch;Wilson;353.289947222222000;40232.350
Bunker Hill;Meades Ranch;199.858644444444000;41661.110
Waldo;Meades Ranch;255.288758333333000;25783.110
Allen;Bunker Hill;250.985572222222000;15253.900
Waldo;Bunker Hill;341.637230555556000;34407.650
Allen;Waldo;185.416808333333000;37789.350
Blue Hill;Waldo;228.806883333333000;30876.870
Fairmount;Allen;214.413302777778000;20400.250
Blue Hill;Allen;311.190508333333000;26260.110
La Crosse;Fairmount;248.574294444444000;24757.560
Hays;Fairmount;318.827533333333000;35254.180
Fairmount;Blue Hill;166.473522222222000;35118.520
Hays;Blue Hill;243.018527777778000;16714.450
Hays;La Crosse;359.738611111111000;35581.720
Hays;Smoky Hill;49.138458333333300;31841.320
La Crosse;Smoky Hill;121.316958333333000;28377.880
Hays;Trego;86.989791666666700;31832.070
Smoky Hill;Trego;157.914580555556000;20651.830
Trego;Skaggs;20.751219444444400;28595.980
Smoky Hill;Skaggs;67.035963888888900;19465.490
Trego;Big Creek;97.915530555555600;23506.360
Skaggs;Big Creek;156.241161111111000;32735.530
Big Creek;Schmidt;26.717536111111100;28741.660
Skaggs;Schmidt;99.357113888888900;26506.080
Indian Creek;Canyon;351.867100000000000;23570.520
Schmidt;Canyon;82.674022222222200;33581.990
Big Creek;Indian Creek;82.454722222222200;49857.690
Schmidt;Indian Creek;117.558611111111000;41210.930
Indian Creek;Beaver;64.760241666666700;37249.480
Canyon;Beaver;101.399683333333000;37769.800
Indian Creek;Monument;95.802427777777800;35677.840
Beaver;Monument;174.475563888889000;19573.420
Monument;Gopher;113.382525000000000;25808.340
Beaver;Gopher;139.301641666667000;39214.450
Gopher;Sheridan;49.429844444444400;22439.940
Beaver;Sheridan;109.599086111111000;45287.330
Gopher;Teeters Hill;108.409061111111000;29030.440
Sheridan;Teeters Hill;156.038388888889000;25978.370
Teeters Hill;Wallace Bluffs;20.305413888888900;26521.600
Sheridan;Wallace Bluffs;86.755605555555600;19819.080
Teeters Hill;Turtle;76.853119444444500;24950.360
Wallace Bluffs;Turtle;141.760761111111000;24420.760
Turtle;Curlew;6.226988888888890;20219.260
Wallace Bluffs;Curlew;86.980963888888900;17370.820
Turtle;McLane;93.663069444444400;17921.880
Curlew;McLane;143.533394444444000;26411.940
McLane;Arapahoe;21.306458333333300;31530.140
Curlew;Arapahoe;73.401527777777800;28396.270
McLane;Monotony;89.402186111111100;24759.270
Arapahoe;Monotony;155.364897222222000;32010.990
Monotony;Cheyenne Wells;56.485625000000000;15684.560
Arapahoe;Cheyenne Wells;127.737894444444000;33427.340
Cheyenne Wells;First View;36.696894444444400;21552.340
Arapahoe;First View;94.677405555555600;39503.400
Cheyenne Wells;Landsman;88.848672222222200;16219.580
First View;Landsman;168.772447222222000;17280.190
Eureka;Kit Carson;359.504147222222000;30605.710
First View;Kit Carson;69.178863888888900;28947.640
Landsman;Eureka;98.009261111111100;24088.700
First View;Eureka;126.739283333333000;33963.140
Eureka;Overland;104.370000000000000;27547.700
Aroya;Overland;182.099936111111000;26239.270
Eureka;Aroya;55.057988888888900;33839.260
Kit Carson;Aroya;111.841116666667000;30169.160
Overland;Hugo;97.969486111111100;29936.140
Aroya;Hugo;136.631680555556000;41774.790
Hugo;Adobe;4.612011111111110;44308.580
Aroya;Adobe;66.959847222222200;35218.510
Hugo;Square Bluffs;47.846716666666700;36906.680
Adobe;Square Bluffs;129.155455555556000;30701.130
Square Bluffs;Cramers Gulch;17.337077777777800;30108.260
Adobe;Cramers Gulch;74.154458333333300;34162.900
Hugo;Holt;84.276088888888900;39842.730
Square Bluffs;Holt;149.231819444444000;24151.640
Square Bluffs;Big Springs;73.275313888888900;38478.350
Cramers Gulch;Big Springs;122.298613888889000;33005.230
Holt;Holcolm Hills;82.308283333333300;30168.460
Big Springs;Holcolm Hills;168.738952777778000;28354.270
Divide;El Paso East Base;340.944786111111000;13472.250
Holcolm Hills;El Paso East Base;67.901138888888900;13568.970
Holcolm Hills;Divide;114.268033333333000;18585.500
Big Springs;Divide;147.632311111111000;41981.610
Pikes Peak;Plateau;319.296391111111000;65495.320
Big Springs;Plateau;33.511086111111100;47805.010
Divide;El Paso West Base;32.851650000000000;12188.020
El Paso East Base;El Paso West Base;102.800900000000000;11289.180
El Paso West Base;Corral Bluffs;1.718577777777780;12078.390
El Paso East Base;Corral Bluffs;49.953375000000000;14875.680
Divide;Pikes Peak;61.133557500000000;52673.500
Big Springs;Pikes Peak;98.415522777777800;69423.130
Divide;Bison;102.637026111111000;87141.540
Pikes Peak;Bison;138.500263055556000;59101.180
Bison;Mount Ouray;35.112061944444400;110377.410
Pikes Peak;Mount Ouray;66.086400277777800;112774.750
Bison;Mount Elbert;81.014207222222200;82965.960
Mount Ouray;Mount Elbert;166.116068055556000;79504.240
Mount Elbert;Treasury Mountain;78.730667777777800;57730.330
Mount Ouray;Treasury Mountain;131.089899444444000;100470.890
Treasury Mountain;Uncompahgre;16.944038333333300;109320.600
Mount Ouray;Uncompahgre;70.598406944444400;115110.460
Treasury Mountain;Tavaputs;110.127560833333000;174569.800
Mount Waas;Tavaputs;189.746220000000000;112740.810
Treasury Mountain;Mount Waas;74.755079166666700;192356.710
Uncompahgre;Mount Waas;109.118930833333000;162926.730
Tavaputs;Patmos Head;88.296374166666700;112788.370
Mount Waas;Patmos Head;138.932176944444000;142552.330
Patmos Head;Mount Ellen;15.913383888888900;159283.420
Mount Waas;Mount Ellen;72.008515000000000;146290.190
Patmos Head;Wasatch;66.691603888888900;107094.020
Mount Ellen;Wasatch;153.418662777778000;123556.310
Patmos Head;Mount Nebo;105.853725555556000;129043.980
Wasatch;Mount Nebo;160.903410833333000;81792.990
Mount Nebo;Ogden Peak;176.404031944444000;154587.310
Deseret;Ogden Peak;217.123298055556000;103450.290
Antelope;Waddoup;282.339833888889000;28390.930
Ogden Peak;Waddoup;0.718900277777778;32539.900
Antelope;Salt Lake SE Base;242.961052222222000;18646.390
Salt Lake NW Base;Salt Lake SE Base;315.683097500000000;11198.680
Ogden Peak;Salt Lake NW Base;62.780563055555600;21683.050
Antelope;Salt Lake NW Base;208.034120277778000;18670.360
Ogden Peak;Antelope;46.846167222222200;38545.880
Deseret;Antelope;211.719501388889000;65696.100
Mount Nebo;Tushar;20.094753333333300;164256.130
Wasatch;Tushar;47.478229444444400;113592.390
Ogden Peak;Promontory;103.755460000000000;46376.980
Antelope;Promontory;155.423838333333000;41043.970
Mount Nebo;Deseret;134.791708888889000;102774.990
Ibepah;Deseret;237.128444166667000;130623.690
Mount Nebo;Ibepah;91.297236666666700;184375.270
Tushar;Ibepah;140.669374444444000;203594.160
Wheeler Peak;Pioche;348.280720000000000;113300.720
Tushar;Pioche;71.996860277777800;151431.850
Deseret;Pilot Peak;117.443231388889000;137517.740
Ibepah;Pilot Peak;174.286576666667000;133144.560
Ibepah;Wheeler Peak;20.076702222222200;99493.310
Tushar;Wheeler Peak;111.411831111111000;176948.000
Wheeler Peak;White Pine;54.795727500000000;127151.820
Pioche;White Pine;106.676533055556000;132367.110
Wheeler Peak;Diamond Peak;117.604915277778000;145874.650
White Pine;Diamond Peak;169.043129722222000;143154.980
Diamond Peak;Mount Callahan;98.455461388888900;98152.130
Toiyabe Dome;Mount Callahan;199.500670277778000;103335.740
Diamond Peak;Toiyabe Dome;58.270013055555600;156641.410
White Pine;Toiyabe Dome;110.033062222222000;171072.830
Mount Grant;Lone Mountain;297.709463055556000;128625.600
Toiyabe Dome;Lone Mountain;7.879416944444450;90573.820
Mount Callahan;Carson Sink;83.161665277777800;111148.090
Toiyabe Dome;Carson Sink;137.825361388889000;112907.290
Carson Sink;Mount Grant;23.343928055555600;122287.650
Toiyabe Dome;Mount Grant;77.349586666666700;128463.560
Carson Sink;Mount Como;60.120061111111100;123697.100
Mount Grant;Mount Como;130.390784722222000;77603.440
Mount Como;Pah Rah;179.983732222222000;85836.420
Mount Lola;Pah Rah;242.033794722222000;86386.110
Round Top CA;Mount Conness;322.236918055556000;97529.810
Mount Grant;Mount Conness;34.867580277777800;81453.530
Mount Como;Round Top CA;49.216737500000000;60587.940
Mount Grant;Round Top CA;95.992719722222200;105854.450
Mount Como;Mount Lola;120.989860555556000;89495.560
Round Top CA;Mount Lola;159.863487500000000;91039.140
Mount Tamalpais;Mocho;298.055142777778000;104307.600
Mount Diablo;Mocho;324.742894722222000;54890.120
Vaca;Southeast Yolo Base;235.644441388889000;30029.780
Monticello;Southeast Yolo Base;293.789485555556000;37160.800
Southeast Yolo Base;Northwest Yolo Base;163.122680000000000;17486.510
Monticello;Northwest Yolo Base;266.585115277778000;28906.930
Mount Lola;Mount Diablo;38.549498055555500;218704.430
Round Top CA;Mount Diablo;63.192593055555600;188566.860
Mount Diablo;Vaca;164.806136111111000;56830.390
Mount Helena;Vaca;304.089133611111000;57910.570
Vaca;Monticello;163.956726944444000;33271.520
Mount Helena;Monticello;270.798189722222000;38577.560
Mount Helena;Mount Tamalpais;357.759680000000000;82806.000
Mount Diablo;Mount Tamalpais;94.675405555555600;60205.710
Mount Lola;Mount Helena;67.368359166666700;213873.220
Mount Diablo;Mount Helena;144.472656666667000;107728.960
Mount Helena;Snow Mountain West;172.180152777778000;79298.640
Ross Mountain;Snow Mountain West;197.824772222222000;101704.730
Snow Mountain West;Mount Sanhedrin;118.078463888889000;32892.340
Cold Spring;Mount Sanhedrin;213.775058333333000;66041.970
Mount Helena;Ross Mountain;66.906733888888900;46133.460
Mount Tamalpais;Ross Mountain;144.780691944444000;79153.780
Cold Spring;Paxton;235.291077777778000;22123.220
Two Rock;Paxton;335.348475000000000;27621.540
Cold Spring;Two Rock;189.997447222222000;38272.700
Great Caspar;Two Rock;264.405841666667000;23783.820
Snow Mountain West;Cold Spring;59.430194444444400;76884.340
Mount Helena;Cold Spring;117.172208333333000;86598.420
Paxton;Fisher;72.141005555555600;24967.750
Cold Spring;Fisher;131.301391666667000;7401.500
Mount Sanhedrin;Great Caspar;70.356488888888900;57164.250
Cold Spring;Great Caspar;154.322850000000000;39306.250
Renfrow;Miller 3;126.776622222222000;24762.760
Renfrow;Fowler;158.607555555556000;26328.600
Sand Hill;Rutherford;181.739872222222000;30590.700
Sand Hill;Miller 3;222.697588888889000;24976.440
Sand Hill;Renfrow;264.392083333333000;37012.850
Vicar;Sand Hill;138.032805555556000;29795.140
Vicar;Renfrow;213.375713888889000;30756.550
Hahn;Vicar;113.178802777778000;26625.470
Hahn;Renfrow;168.294347222222000;36882.730
McCoy;Sand Hill;171.651125000000000;37543.200
McCoy;Vicar;224.000777777778000;20888.290
McCoy;Hahn;263.196627777778000;39310.840
Enid;McCoy;111.693900000000000;22994.500
Enid;Hahn;233.546772222222000;21980.240
Garber;Enid;96.543661111111100;21653.680
Garber;Hahn;166.209177777778000;15943.120
Mitchell;Enid;129.217027777778000;39367.140
Mitchell;Garber;158.133130555556000;24136.990
Waukomis;McCoy;154.870416666667000;31271.910
Waukomis;Enid;202.200841666667000;21420.180
Waukomis;Mitchell;277.247644444444000;39015.830
Parnell;Waukomis;157.574930555556000;21910.340
Parnell;Mitchell;243.248811111111000;33977.800
Wingard;Parnell;120.315252777778000;34197.950
Wingard;Mitchell;181.537116666667000;32465.020
Burson;Waukomis;187.285019444444000;40067.500
Burson;Parnell;214.631191666667000;23702.970
Burson;Wingard;266.829072222222000;43142.200
Eichoff;Burson;158.451363888889000;27384.490
Eichoff;Wingard;229.898650000000000;43169.870
Edmonds;Eichoff;96.850311111111100;35485.660
Edmonds;Wingard;176.232452777778000;31978.000
Caddo;Burson;183.758716666667000;35213.380
Caddo;Eichoff;232.023994444444000;15733.320
Caddo;Edmonds;263.253866666667000;47988.830
Yukon;Caddo;123.762236111111000;25719.610
Yukon;Eichoff;159.491522222222000;25565.420
Yukon;Edmonds;232.990150000000000;32920.420
Smith;Yukon;115.089727777778000;26191.920
Smith;Edmonds;184.853641666667000;30964.210
Carson;Caddo;175.433983333333000;37362.490
Carson;Yukon;218.723113888889000;29473.140
Carson;Smith;254.130680555556000;43882.060
Elreno eb;Caddo;165.596961111111000;18873.190
Elreno eb;Eichoff;195.424133333333000;28999.120
Elreno eb;Yukon;256.455888888889000;17192.260
Elreno eb;Carson;5.204388888888890;19042.980
Elreno wb;Caddo;208.065311111111000;15695.200
Elreno wb;Elreno eb;290.078186111111000;12886.671
Elreno wb;Carson;336.025738888889000;25599.320
Lanier;Carson;129.983350000000000;35642.550
Lanier;Smith;203.243413888889000;37845.920
Purcell;Lanier;108.199794444444000;20336.050
Purcell;Smith;174.013672222222000;41319.320
Table Hill;Lanier;161.187044444444000;46404.200
Table Hill;Purcell;186.613502777778000;37834.610
Osaria;Lanier;208.328455555556000;47031.390
Osaria;Table Hill;273.764869444444000;37541.760
Kechi;Carson;202.992722222222000;40938.280
Kechi;Lanier;251.039869444444000;45901.030
Kechi;Osaria;321.393852777778000;33958.510
Velma;Osaria;145.342425000000000;35183.590
Velma;Table Hill;213.465875000000000;31639.960
Arbuckle Mt.;Velma;89.783825000000000;34648.600
Arbuckle Mt.;Table Hill;146.863461111111000;31286.870
Lone tree;Velma;150.355383333333000;25311.996
Lone tree;Arbuckle Mt.;224.891872222222000;31353.270
Monument 2;Velma;224.403725000000000;30168.060
Monument 2;Lone tree;270.681461111111000;33710.130
Duncan;Osaria;208.221072222222000;27635.390
Duncan;Velma;277.755808333333000;33485.490
Duncan;Monument 2;335.130047222222000;28766.970
Benton;Monument 2;171.144169444444000;16469.440
Benton;Lone tree;243.029341666667000;34976.290
Grady;Benton;106.128852777778000;18165.030
Grady;Lone tree;213.404875000000000;24977.710
Blue;Benton;155.336430555556000;35769.790
Blue;Grady;185.252936111111000;27580.970
Cube;Monument 2;208.593172222222000;39530.210
Cube;Benton;229.366800000000000;28319.070
Cube;Blue;290.972747222222000;39135.040
Myers;Cube;199.454175000000000;35326.040
Myers;Blue;248.181769444444000;52053.840
Queen;Myers;90.419905555555600;35295.120
Queen;Cube;145.078108333333000;40886.830
Queen;Blue;213.995983333333000;23432.340
Jones;Myers;126.894536111111000;19270.976
Jones;Queen;240.207369444444000;22911.020
Bowie nwb;Jones;32.921869444444400;13226.310
Bowie nwb;Myers;91.213186111111100;22596.650
Bowie nwb;Queen;268.798327777778000;12705.700
Bowie seb;Jones;69.379580555555600;12984.960
Bowie seb;Bowie nwb;142.768400000000000;8196.028
Bowie seb;Queen;228.774616666667000;10296.370
Spradling;Jones;160.269975000000000;14649.740
Spradling;Bowie nwb;185.142377777778000;24994.310
Spradling;Queen;210.704038888889000;29265.660
Indian;Myers;187.107372222222000;33731.540
Indian;Jones;221.796016666667000;29421.610
Indian;Spradling;251.647272222222000;25907.280
Bowie standpipe;Spradling;41.456936111111100;24805.730
Bowie standpipe;Jones;77.345155555555600;21876.360
Bowie standpipe;Bowie seb;88.558266666666700;9190.420
Bowie standpipe;Bowie nwb;114.011952777778000;15479.790
Bowie standpipe;Queen;167.621255555556000;6702.740
Jim Ned;Bowie standpipe;75.819138888888900;21084.500
Jim Ned;Queen;93.623472222222200;21908.700
Jim Ned;Blue;157.240083333333000;22536.800
Moore;Indian;132.617525000000000;22872.930
Moore;Spradling;198.225822222222000;24848.610
Davis 2;Moore;143.489555555556000;16786.560
Davis 2;Spradling;176.618091666667000;37150.890
Woolly;Indian;183.455208333333000;29057.170
Woolly;Moore;233.947161111111000;23022.030
Woolly;Davis 2;269.827522222222000;28639.740
Gilbert;Woolly;126.624263888889000;48537.470
Gilbert;Davis 2;160.376008333333000;30712.420
Kyle;Woolly;181.749922222222000;26828.070
Kyle;Davis 2;227.595463888889000;39895.530
Kyle;Gilbert;272.845719444444000;39939.530
Oaks;Kyle;126.958600000000000;23823.730
Oaks;Gilbert;239.535102777778000;24189.150
Comanche;Oaks;139.948925000000000;45729.530
Comanche;Gilbert;169.746202777778000;47973.460
McClenny;Kyle;163.805569444444000;42637.120
McClenny;Oaks;195.037986111111000;27579.800
McClenny;Comanche;282.683383333333000;37627.410
Pilot;McClenny;166.544941666667000;21884.730
Pilot;Comanche;247.640605555556000;34182.870
Lone Mt.;Pilot;130.201550000000000;16574.520
Lone Mt.;McClenny;151.009511111111000;36571.290
Lone Mt.;Comanche;218.718636111111000;30327.770
Young;Pilot;243.843100000000000;17533.220
Young;Lone Mt.;275.892386111111000;28577.840
Gatlin;McClenny;203.241202777778000;14701.690
Gatlin;Pilot;305.441438888889000;13399.320
Gatlin;Young;17.298986111111100;16225.520
Stephenville nb;Young;88.654627777777800;17925.900
Stephenville nb;Pilot;163.405341666667000;7596.890
Stephenville nb;Lone Mt.;287.965647222222000;11038.910
Alarm;Young;96.170811111111100;7310.380
Alarm;Gatlin;171.475883333333000;16458.030
Alarm;Pilot;224.903666666667000;12005.900
Alarm;Stephenville nb;263.437219444444000;10722.740
Alarm;Lone Mt.;275.851852777778000;21267.540
Stephenville sb;Young;108.090233333333000;18787.450
Stephenville sb;Alarm;115.449141666667000;11729.730
Stephenville sb;Stephenville nb;180.569644444444000;6255.090
Stephenville sb;Lone Mt.;254.900772222222000;10940.580
Gibson;Young;160.482947222222000;29119.050
Gibson;Pilot;189.710755555556000;35671.120
Gibson;Stephenville nb;196.374347222222000;29059.970
Gibson;Stephenville sb;200.614638888889000;23105.960
Gibson;Lone Mt.;217.364138888889000;30806.460
Gleason;Gibson;107.919891666667000;25660.600
Gleason;Young;136.060997222222000;49112.090
Gleason;Stephenville sb;151.185338888889000;33671.600
Gleason;Lone Mt.;170.068963888889000;32827.480
Chamliss;Gibson;166.959269444444000;32669.870
Chamliss;Gleason;215.433086111111000;29421.480
Scoggins;Chamliss;83.018725000000000;23361.100
Scoggins;Gibson;133.571383333333000;42080.680
Scoggins;Gleason;163.929300000000000;21952.590
Brown;Chamliss;178.854536111111000;24168.640
Brown;Scoggins;219.996941666667000;35314.890
King 2;Brown;103.253363888889000;22069.770
King 2;Chamliss;143.133894444444000;36528.770
King 2;Scoggins;182.272113888889000;32092.090
Franklin;Brown;163.222088888889000;22198.660
Franklin;King 2;222.907880555556000;22151.670
Gilmore;Franklin;142.120638888889000;18437.680
Gilmore;King 2;187.001875000000000;30992.830
Flat Top;Brown;200.712680555556000;34886.970
Flat Top;Franklin;238.770183333333000;21968.090
Flat Top;Gilmore;275.928944444444000;30309.180
Bachelor;Flat Top;138.929025000000000;22051.430
Bachelor;Franklin;188.759886111111000;28318.890
Bachelor;Gilmore;229.327669444444000;20640.940
Lampasas neb;Flat Top;130.396616666667000;14172.750
Lampasas neb;Gilmore;252.709488888889000;20266.020
Lampasas neb;Bachelor;333.542472222222000;8304.180
Lampasas swb;Flat Top;152.325105555556000;15880.020
Lampasas swb;Franklin;204.170097222222000;27884.540
Lampasas swb;Lampasas neb;215.021994444444000;5961.171
Lampasas swb;Gilmore;244.395519444444000;25248.790
Lampasas swb;Bachelor;289.706883333333000;7566.420
May;Flat Top;176.677219444444000;30973.560
May;Lampasas swb;198.334011111111000;17763.780
May;Bachelor;221.607688888889000;19144.260
Gabriel;May;110.029244444444000;33741.120
Gabriel;Bachelor;143.744044444444000;32035.580
Gabriel;Gilmore;175.243527777778000;39393.100
Buzzard;May;150.137652777778000;27694.730
Buzzard;Gabriel;235.086891666667000;21865.310
Post;May;185.970377777778000;12667.900
Post;Buzzard;306.973977777778000;18952.320
Travis;Buzzard;149.048238888889000;17129.380
Travis;Gabriel;198.562147222222000;28681.800
Shovel;Post;180.654797222222000;34359.210
Shovel;Buzzard;214.083169444444000;27720.180
Shovel;Travis;251.222072222222000;25747.730
Shingle;Shovel;136.339227777778000;21182.440
Shingle;Travis;202.494508333333000;25521.380
Barton;Shingle;89.737683333333300;24648.700
Barton;Shovel;111.231797222222000;42095.170
Barton;Travis;147.683091666667000;27741.760
Cedar 2;Shingle;132.859969444444000;18599.900
Cedar 2;Barton;220.734838888889000;16878.570
Loneman;Shingle;178.306158333333000;25169.130
Loneman;Cedar 2;225.862155555556000;17981.880
Carpenter;Loneman;84.300430555555500;19106.870
Carpenter;Cedar 2;150.144291666667000;12224.990
Carpenter;Barton;191.917305555556000;23901.070
Krueger;Loneman;138.973797222222000;16857.850
Krueger;Carpenter;208.507866666667000;16647.470
Hugo 2;Loneman;199.178136111111000;16049.750
Hugo 2;Carpenter;234.846869444444000;29696.890
Hugo 2;Krueger;261.455094444444000;16540.400
Gus;Hugo 2;161.499388888889000;14846.520
Gus;Krueger;215.168158333333000;20220.970
Tieken;Gus;138.621072222222000;14057.910
Tieken;Krueger;184.999300000000000;27172.000
Mission Hill;Gus;211.925205555556000;12842.230
Mission Hill;Tieken;268.702347222222000;16103.230
Beer;Hugo 2;201.883855555556000;18484.400
Beer;Gus;255.157611111111000;12016.270
Beer;Mission Hill;328.319119444444000;9194.680
Seguin wb;Mission Hill;122.865219444444000;12294.200
Seguin wb;Beer;133.759263888889000;20968.900
Seguin wb;Gus;168.651488888889000;17915.340
Seguin wb;Tieken;219.426500000000000;9089.960
Seguin eb;Seguin wb;68.151450000000000;6794.590
Seguin eb;Mission Hill;104.008633333333000;17139.010
Seguin eb;Beer;119.196788888889000;24564.080
Seguin eb;Gus;146.850469444444000;17961.760
Seguin eb;Tieken;173.271563888889000;4520.700
Mott;Mission Hill;123.793727777778000;23234.200
Mott;Seguin wb;124.785330555556000;10943.100
Mott;Seguin eb;163.005675000000000;9170.660
Mott;Tieken;166.395702777778000;13642.660
Harndon;Mission Hill;165.325558333333000;19455.370
Harndon;Seguin wb;203.959927777778000;13300.180
Harndon;Tieken;210.219350000000000;22194.440
Harndon;Seguin eb;218.549325000000000;18782.560
Harndon;Mott;247.638569444444000;15567.300
Central;Harndon;108.399516666667000;7873.710
Central;Seguin wb;171.980705555556000;14780.330
Central;Seguin eb;193.885144444444000;17683.550
Central;Mott;219.526069444444000;10887.950
Thomas 2;Central;137.564975000000000;14189.200
Thomas 2;Mott;172.040463888889000;19048.130
Lavernia;Harndon;185.156855555556000;25643.720
Lavernia;Central;202.977730555556000;25048.570
Lavernia;Thomas 2;236.946022222222000;23110.740
Stockdale;Lavernia;111.198361111111000;21283.820
Stockdale;Thomas 2;178.724677777778000;20272.650
Serita;Lavernia;169.748611111111000;14502.130
Serita;Thomas 2;212.001966666667000;31686.920
Serita;Stockdale;249.076672222222000;18493.890
Karnes;Serita;150.650602777778000;39218.720
Karnes;Stockdale;177.279444444444000;40806.410
Ruckman;Karnes;46.112236111111100;23877.400
Ruckman;Serita;115.894536111111000;40439.880
Ruckman;Stockdale;141.752288888889000;30827.810
Choate;Karnes;133.759997222222000;25772.850
Choate;Ruckman;177.661513888889000;34405.110
Bryde;Karnes;170.570741666667000;14475.640
Bryde;Ruckman;205.648844444444000;34227.770
Bryde;Choate;282.207483333333000;16643.990
Pettus;Bryde;137.246733333333000;14391.910
Pettus;Choate;222.715080555556000;9574.440
Borroum;Bryde;183.585377777778000;14068.590
Borroum;Pettus;251.908566666667000;11213.660
Wiess;Borroum;112.934469444444000;17339.220
Wiess;Pettus;152.579175000000000;11518.520
Wiess;Choate;183.956525000000000;17297.350
Fleming;Borroum;184.472288888889000;18090.630
Fleming;Wiess;236.977316666667000;20739.630
Beeville;Fleming;91.362986111111100;13599.710
Beeville;Borroum;146.469944444444000;22021.920
Beeville;Wiess;198.158161111111000;12214.150
Miller 2;Fleming;149.165213888889000;20300.110
Miller 2;Beeville;190.563263888889000;17405.850
O_Neill;Miller 2;71.554969444444400;10621.980
O_Neill;Fleming;124.523794444444000;24841.340
O_Neill;Beeville;153.444402777778000;15368.810
Skelly;Miller 2;177.720166666667000;10290.210
Skelly;O_Neill;215.296541666667000;16725.650
Welder;Skelly;104.276055555556000;14916.350
Welder;Miller 2;133.227386111111000;20383.910
Welder;O_Neill;164.585105555556000;17963.780
Mathis;Skelly;190.784730555556000;13044.440
Mathis;Welder;241.554158333333000;19222.580
Nolan;Mathis;133.756113888889000;13970.550
Nolan;Skelly;161.226577777778000;23736.700
Nolan;Welder;199.931883333333000;20002.020
Elliff;Mathis;174.937397222222000;28756.300
Elliff;Nolan;201.707438888889000;20437.940
Reynolds;Mathis;213.645422222222000;21738.460
Reynolds;Nolan;249.112983333333000;23711.010
Reynolds;Elliff;305.806080555556000;18022.860
Alice;Reynolds;210.745802777778000;24209.530
Alice;Elliff;249.163638888889000;28893.650
Wood;Alice;96.852797222222200;13417.680
Wood;Reynolds;177.641602777778000;22413.090
Wood;Elliff;229.130772222222000;18108.140
Alice eb;Alice;139.483319444444000;14289.740
Alice eb;Wood;203.549122222222000;10108.630
Alice wb;Alice;167.991144444444000;11141.990
Alice wb;Wood;229.771872222222000;14414.330
Alice wb;Alice eb;269.669866666667000;6971.708
Rogers 2;Elliff;108.475288888889000;18890.670
Rogers 2;Nolan;157.521105555556000;27016.430
Kaleta;Rogers 2;32.446580555555500;15910.120
Kaleta;Elliff;74.314197222222200;27471.900
Kaleta;Nolan;121.488191666667000;22102.490
King;Alice wb;133.062847222222000;14983.480
King;Wood;180.194791666667000;19530.200
Bishop;King;83.023061111111100;16835.570
Bishop;Alice wb;106.523225000000000;28834.640
Bishop;Wood;136.456683333333000;24122.080
Ricardo;King;179.913819444444000;16571.000
Ricardo;Bishop;221.831127777778000;25014.640
Kleberg;Ricardo;87.266944444444400;13135.620
Kleberg;King;140.533922222222000;20653.680
Kleberg;Bishop;191.259355555556000;18347.730
Riviera;Ricardo;155.498213888889000;13161.370
Riviera;Kleberg;211.282030555556000;14755.860
Robbins 2;Riviera;84.730808333333300;14576.630
Robbins 2;Ricardo;118.070244444444000;22620.030
Robbins 2;Kleberg;148.736400000000000;13176.390
Roza;Riviera;170.208047222222000;13649.910
Roza;Robbins 2;219.474169444444000;19178.370
Sarita;Roza;98.500313888888900;12929.570
Sarita;Riviera;135.506891666667000;21539.160
Sarita;Robbins 2;178.011088888889000;16712.700
Turcotte;Roza;176.507936111111000;15197.040
Turcotte;Sarita;221.797891666667000;17799.880
Kenedy;Turcotte;101.545883333333000;9898.620
Kenedy;Roza;148.252475000000000;20168.490
Kenedy;Sarita;188.123777777778000;15396.350
Katherine;Turcotte;184.062786111111000;15184.340
Katherine;Kenedy;219.283402777778000;17019.220
Armstrong;Katherine;90.171894444444400;11042.230
Armstrong;Turcotte;146.745538888889000;18150.650
Armstrong;Kenedy;178.894027777778000;13199.400
Vinson;Katherine;185.792580555556000;15848.270
Vinson;Armstrong;218.760638888889000;20192.270
Norias;Vinson;98.782877777777800;11293.210
Norias;Katherine;151.371444444444000;19926.420
Norias;Armstrong;184.893938888889000;17522.380
Stillman;Vinson;187.452625000000000;15744.800
Stillman;Norias;223.532680555556000;19171.590
Yturria;Stillman;91.516125000000000;14475.790
Yturria;Vinson;142.187222222222000;20243.180
Yturria;Norias;174.992311111111000;14321.700
Brenner;Stillman;167.368930555556000;15444.180
Brenner;Yturria;217.041275000000000;18416.380
Raymond;Brenner;88.954180555555600;12663.430
Raymond;Stillman;132.808819444444000;21841.690
Raymond;Yturria;173.869322222222000;14541.040
Hidalgo;Brenner;178.515525000000000;16275.310
Hidalgo;Raymond;216.545852777778000;20554.450
Sebastian;Hidalgo;89.829161111111100;9140.810
Sebastian;Brenner;149.544388888889000;18842.780
Sebastian;Raymond;190.690080555556000;16768.120
Mercedes;Hidalgo;181.941602777778000;14052.720
Mercedes;Sebastian;214.336163888889000;17049.770
Harlingen;Mercedes;101.776897222222000;11500.380
Harlingen;Hidalgo;146.693241666667000;19613.080
Harlingen;Sebastian;174.332897222222000;16498.240
Maria;Mercedes;179.723088888889000;13396.460
Maria;Harlingen;225.352216666667000;15736.490
Mitla;Maria;87.761055555555600;11622.390
Mitla;Mercedes;137.968227777778000;17424.300
Mitla;Harlingen;177.794166666667000;10602.580
Donna;Mercedes;254.363144444444000;18605.720
Donna;Maria;294.967372222222000;19855.970
Rio;Donna;134.131761111111000;13955.840
Rio;Mercedes;208.236813888889000;16706.890
Rio;Maria;260.586941666667000;8086.150
Tenacitas;Donna;177.866363888889000;19060.000
Tenacitas;Rio;224.931438888889000;13187.790
Colombres;Donna;196.883352777778000;19992.540
Colombres;Rio;239.237558333333000;18427.640
Colombres;Tenacitas;269.259058333333000;6525.990
Benito;Mitla;96.480286111111100;12444.820
Benito;Harlingen;133.233580555556000;17518.400
Cowgill;Benito;18.305427777777800;11885.720
Cowgill;Mitla;58.470819444444400;18886.080
Cowgill;Harlingen;92.496475000000000;16508.650
Olmito;Benito;105.393008333333000;10206.900
Olmito;Cowgill;156.436130555556000;15264.650
Resaca;Olmito;29.580947222222200;11899.210
Resaca;Benito;64.087058333333300;17470.060
Resaca;Cowgill;106.941683333333000;12513.180
Arista;Olmito;107.708175000000000;17839.350
Arista;Resaca;144.831358333333000;19290.780
Point Isabel wb;Arista;18.257883333333300;11864.190
Point Isabel wb;Olmito;74.262413888888900;21516.080
Point Isabel wb;Resaca;106.906908333333000;15493.320
Point Isabel sb;Arista;54.256930555555600;10955.330
Point Isabel sb;Point Isabel wb;133.262002777778000;7099.960
Point Isabel eb;Point Isabel sb;39.779361111111100;2509.290
Point Isabel eb;Arista;51.579316666666700;13399.560
Point Isabel eb;Point Isabel wb;113.443619444444000;7384.920
Fronton;Arista;61.444530555555600;17221.800
Fronton;Point Isabel sb;73.577233333333300;6497.030
Fronton;Point Isabel eb;91.126963888888900;4626.650
Fronton;Point Isabel wb;104.891336111111000;11796.200
Cameron;Fronton;314.137058333333000;12327.430
Cameron;Point Isabel eb;333.581105555556000;9487.520
Cameron;Point Isabel sb;345.912175000000000;10748.920
Cameron;Arista;20.448669444444400;17958.630
Cameron;Point Isabel wb;24.676933333333300;6119.690
Pool;Fronton;35.792558333333300;7394.820
Pool;Cameron;101.153316666667000;13416.690
Fox;Pool;297.705108333333000;14953.970
Fox;Fronton;325.448936111111000;15729.400
Fox;Cameron;359.034888888889000;4371.200
Singer;Pool;349.772305555556000;9169.830
Singer;Cameron;60.862180555555600;13206.710
Singer;Fox;79.935069444444500;11786.530
Black Hill;Singer;351.449933333333000;6224.260
Black Hill;Fox;52.429091666666700;13474.160
Armadillo;Black Hill;277.340897222222000;9253.310
Armadillo;Singer;305.975613888889000;12489.340
Armadillo;Fox;9.039258333333330;9523.950
Mesena 2;Cameron;171.531383333333000;7862.400
Mesena 2;Fronton;276.004283333333000;7730.900
Mesena 2;Point Isabel eb;283.236580555556000;3146.200
Mesena 2;Point Isabel sb;331.180572222222000;3023.700
Mesena 2;Arista;39.399919444444400;11711.400
Point Isabel L.H.;Arista;61.604413888888900;17146.410
Point Isabel L.H.;Mesena 2;96.650416666666700;7696.390
Point Isabel L.H.;Cameron;134.576050000000000;12351.080
Point Isabel L.H.;Fox;145.778786111111000;15769.420
Point Isabel L.H.;Black Hill;184.866761111111000;21333.500
Point Isabel L.H.;Singer;190.269591666667000;15347.490
Point Isabel L.H.;Fronton;209.037802777778000;89.380
Armadillo 2;Point Isabel L.H.;341.778333333333000;23621.200
Armadillo 2;Cameron;5.872527777777780;13845.700
Armadillo 2;Fox;9.003277777777780;9519.700
Bank;Armadillo 2;220.318305555556000;7948.400
Bank;Fox;312.430638888889000;4954.400
Bank;Cameron;334.182333333333000;8568.600
Hike;Armadillo 2;269.926138888889000;6220.000
Hike;Fox;333.254055555556000;10520.800
Hike;Bank;349.905027777778000;6147.900
Cat 2;Armadillo 2;320.939916666667000;6993.300
Cat 2;Hike;18.442527777777800;5731.700
Green 2;Armadillo 2;341.224472222222000;13193.200
Green 2;Cat 2;1.300222222222220;7062.700
Green 2;Hike;8.973388888888890;12653.100
Water;Green 2;241.906166666667000;7763.000
Water;Cat 2;296.970388888889000;7508.400
Water;Hike;331.102555555556000;10101.300
Colorado;Water;81.982750000000000;5097.400
Colorado;Green 2;211.489611111111000;3450.200
Colorado;Cat 2;338.254166666667000;4434.400
Pelican 2;Green 2;288.100083333333000;5887.600
Pelican 2;Water;12.863527777777800;5625.400
Skin;Green 2;303.847472222222000;10510.100
Skin;Pelican 2;322.119055555556000;5101.000
Skin;Water;348.812027777778000;9694.900
Storm;Green 2;345.515027777778000;10552.900
Storm;Skin;54.388361111111100;7486.700
Rifle;Storm;277.888138888889000;5795.800
Rifle;Green 2;322.711944444444000;13840.800
Rifle;Skin;3.812166666666670;5169.000
Sauz;Storm;309.959500000000000;9120.200
Sauz;Rifle;346.134333333333000;5214.500
Windy;Storm;349.805333333333000;10944.400
Windy;Rifle;20.873555555555600;10675.100
Windy;Sauz;45.804277777777800;7045.300
Lomalto;Windy;275.720916666667000;6409.100
Lomalto;Rifle;346.346805555556000;10923.900
Lomalto;Sauz;346.546305555556000;5709.500
Back;Windy;338.354833333333000;9885.900
Back;Lomalto;17.714194444444400;8974.100
Portalis 2;Back;239.610444444444000;4846.600
Portalis 2;Windy;310.703333333333000;10328.800
Portalis 2;Lomalto;346.597250000000000;6268.400
Last Resort;Back;307.579944444444000;7461.700
Last Resort;Portalis 2;346.100277777778000;7214.200
Topo;Back;326.712666666667000;11915.500
Topo;Portalis 2;349.237888888889000;12635.300
Topo;Last Resort;353.399361111111000;5446.200
Sea;Portalis 2;6.049722222222220;12100.200
Sea;Last Resort;30.871361111111100;5859.600
Sea;Topo;95.988527777777800;3651.000
Mosquito 2;Sea;315.724805555556000;8043.800
Mosquito 2;Topo;339.756083333333000;5734.200
Norwest;Sea;24.070500000000000;13816.100
Norwest;Mosquito 2;58.651250000000000;13167.600
Southeast;Norwest;258.937361111111000;9190.600
Southeast;Sea;342.638416666667000;11373.400
Southeast;Mosquito 2;23.549638888888900;5557.800
Avoca 2;Norwest;279.561000000000000;9311.900
Avoca 2;Southeast;357.186611111111000;3314.300
Avoca 2;Topo;0.309888888888889;13785.800
Avoca 2;Mosquito 2;13.756972222222200;8653.500
Plank;Norwest;8.508166666666670;5104.500
Plank;Avoca 2;70.624833333333300;10533.000
Beat;Plank;353.751527777778000;3661.200
Beat;Norwest;2.350222222222220;8695.000
Beat;Avoca 2;53.204555555555600;11910.800
Lopeña;Beat;294.990944444444000;10386.300
Lopeña;Plank;309.277361111111000;12679.400
Lopeña;Avoca 2;0.589972222222222;11529.800
Buoy;Beat;357.090277777778000;8946.000
Buoy;Lopeña;63.120972222222200;10041.400
Indian 2;Buoy;276.443305555556000;7927.600
Indian 2;Beat;319.679555555556000;12884.800
Indian 2;Lopeña;11.200527777777800;5540.600
Gum;Buoy;0.865305555555556;6106.500
Gum;Lopeña;40.364861111111100;13971.800
Gum;Indian 2;56.818611111111100;9521.800
Con;Gum;280.354500000000000;7907.200
Con;Buoy;314.386583333333000;10760.800
Con;Indian 2;1.617666666666670;6640.000
Gap;Salt;145.197500000000000;10189.800
Gap;Murdock;186.076222222222000;4539.600
Gap;Gum;3.456083333333330;5893.900
Gap;Indian 2;36.883250000000000;13870.100
Gap;Con;61.276833333333300;9274.000
Coyote 2;Salt;191.571777777778000;7418.900
Coyote 2;Murdock;246.296000000000000;8504.300
Coyote 2;Gap;278.524972222222000;7390.600
Coyote 2;Gum;315.089833333333000;9854.300
Coyote 2;Indian 2;4.730555555555560;12236.300
Coyote 2;Con;8.406277777777780;5617.600
Mustang;McGloins Bluff;164.234994444444000;14895.510
Laguna Madre nb;McGloins Bluff;195.940055555556000;18108.920
Laguna Madre nb;Mustang;251.165597222222000;9541.850
Laguna Madre sb;Mustang;233.795238888889000;13797.550
Oso;McGloins Bluff;214.751722222222000;15572.900
Oso;Mustang;276.768666666667000;13030.000
Shamrock;Mustang;7.461611111111110;6962.500
Shamrock;Oso;68.856583333333300;14840.600
Shamrock;McGloins Bluff;146.334222222222000;8929.600
Grants 2;Laguna Madre sb;88.549694444444400;9504.500
Grants 2;Laguna Madre nb;123.128361111111000;8829.800
Grants 2;Mustang;191.714944444444000;8068.700
Island;Laguna Madre sb;161.235027777778000;2528.300
Island;Grants 2;253.089944444444000;9080.600
Pass;Island;112.652305555556000;6942.900
Pass;Grants 2;203.253638888889000;5780.200
Sandhill;Island;158.302888888889000;8965.700
Sandhill;Pass;208.665833333333000;6448.500
Hardpan;Laguna Madre sb;204.129611111111000;7481.600
Hardpan;Island;221.132500000000000;5887.100
Hardpan;Sandhill;298.435138888889000;8178.800
Landing;Hardpan;195.534083333333000;9748.400
Landing;Sandhill;240.709500000000000;11240.700
Richards 2;Landing;126.525416666667000;7163.000
Richards 2;Hardpan;167.045333333333000;14010.900
Richards 2;Sandhill;202.540888888889000;10565.200
Spit;Landing;153.478694444444000;5681.200
Spit;Richards 2;255.688055555556000;3323.600
Lonehill;Landing;197.069638888889000;10697.800
Lonehill;Spit;227.829388888889000;7662.900
Lonehill;Richards 2;236.156194444444000;10714.900
Mid;Lonehill;85.860833333333300;6932.300
Mid;Landing;158.818083333333000;10429.000
Mid;Richards 2;200.004000000000000;5812.800
Transient;Lonehill;134.389305555556000;7283.200
Transient;Landing;172.341305555556000;15458.000
Transient;Mid;196.987277777778000;5851.500
Transient;Richards 2;198.486694444444000;11660.300
Rox;Lonehill;220.507750000000000;4860.900
Rox;Transient;279.470500000000000;8481.100
Shells 2;Rox;157.793694444444000;14363.100
Shells 2;Lonehill;172.392888888889000;17143.100
Shells 2;Transient;193.862972222222000;12255.600
Griffins Point 2;Rox;193.188777777778000;10187.300
Griffins Point 2;Lonehill;201.928444444444000;14676.900
Griffins Point 2;Shells 2;293.507138888889000;8463.500
Salt;Griffins Point 2;176.007638888889000;6017.500
Salt;Shells 2;250.313555555556000;7797.800
Murdock;Salt;121.466250000000000;7381.700
Murdock;Griffins Point 2;145.745222222222000;11924.800
Murdock;Shells 2;189.184333333333000;6560.500
Rabbit 2;Rox;239.369111111111000;10934.500
Rabbit 2;Griffins Point 2;301.523083333333000;8317.500
Penescal;Rabbit 2;166.518500000000000;6339.500
Penescal;Rox;214.054277777778000;14163.900
Penescal;Griffins Point 2;252.074611111111000;5897.900
Frank 2;Rox;296.437361111111000;6837.000
Frank 2;Rabbit 2;20.896555555555600;9218.800
Agua;Frank 2;236.378166666667000;10546.900
Agua;Rabbit 2;296.771472222222000;6160.800
Crawford 2;Agua;195.391027777778000;9821.000
Crawford 2;Rabbit 2;230.451416666667000;10514.500
Crawford 2;Penescal;266.829777777778000;9604.900
Pasadiso;Agua;226.069666666667000;10571.900
Pasadiso;Rabbit 2;250.817250000000000;13886.900
Pasadiso;Crawford 2;293.078722222222000;5447.000
Dial;Meades Ranch;278.623152777778000;19817.100
Dial;Waldo;29.377302777777800;10904.290
Kill Creek;Dial;286.518713888889000;11631.360
Kill Creek;Waldo;335.593752777778000;14074.560
Lawrence 2;Dial;345.589444444444000;30858.070
Lawrence 2;Kill Creek;7.439775000000000;26800.750
Old Well 2;Meades Ranch;357.202547222222000;43105.420
Old Well 2;Dial;23.588225000000000;43689.320
Old Well 2;Lawrence 2;68.000558333333300;27034.110
Brown 2;Old Well 2;327.016625000000000;21842.530
Brown 2;Lawrence 2;24.793383333333300;31380.060
Lipps;Brown 2;331.418486111111000;27505.660
Lipps;Lawrence 2;359.947166666667000;52663.940
Lebanon;Old Well 2;7.973186111111110;24251.310
Lebanon;Brown 2;69.562072222222200;16240.880
Cooper;Lebanon;342.073150000000000;17517.190
Cooper;Brown 2;23.726577777777800;24412.030
Cooper;Lipps;94.603386111111100;22983.180
Herrick NE;Cooper;335.323594444444000;33040.000
Herrick NE;Lipps;17.906863888888900;29656.350
Blue Hill NE;Cooper;11.095141666666700;35553.500
Blue Hill NE;Lipps;42.014158333333300;44447.500
Blue Hill NE;Herrick NE;76.779430555555600;21113.720
Bossing;Wilson;152.447280555556000;31487.960
Bossing;Heath;222.328975000000000;34850.980
Sherman;Bossing;99.250652777777800;28281.910
Sherman;Wilson;127.494425000000000;53416.880
Sherman;Heath;171.800269444444000;30541.550
Loder;Sherman;56.247677777777800;13496.770
Loder;Heath;145.656172222222000;27537.230
Loder;Iron Mound;238.973350000000000;36392.800
Central 2;Bossing;143.609294444444000;22255.310
Central 2;Sherman;227.641941666667000;19918.320
Little River;Central 2;121.924022222222000;12063.890
Little River;Bossing;136.069641666667000;33757.250
Little River;Sherman;192.806611111111000;20285.380
Chase;Bossing;197.015594444444000;31043.820
Chase;Central 2;242.142205555556000;25266.070
Chase;Little River;260.478533333333000;33058.370
Savage;Chase;146.240827777778000;25236.970
Savage;Little River;215.156216666667000;32281.980
Gilmore 2;Savage;87.655175000000000;27216.560
Gilmore 2;Chase;115.826377777778000;45713.620
Gilmore 2;Little River;161.337500000000000;26616.880
Partridge;Savage;143.333069444444000;23422.960
Partridge;Gilmore 2;213.505711111111000;23920.620
Arlington;Savage;170.150022222222000;31594.110
Arlington;Partridge;214.847933333333000;15054.830
Sunflower;Arlington;93.222925000000000;30336.130
Sunflower;Partridge;122.954263888889000;25789.680
Sunflower;Gilmore 2;166.126094444444000;34959.490
Pretty Prairie;Arlington;123.974055555556000;20869.570
Pretty Prairie;Sunflower;232.384202777778000;16391.280
Cheney;Pretty Prairie;124.451808333333000;18481.300
Cheney;Sunflower;173.752030555556000;20557.840
Kingman;Arlington;172.438066666667000;32450.630
Kingman;Pretty Prairie;212.447769444444000;24332.280
Kingman;Cheney;250.323527777778000;30087.320
Belmont;Kingman;114.509447222222000;17645.700
Belmont;Cheney;215.250205555556000;21301.930
Prairie;Kingman;175.036850000000000;23604.860
Prairie;Belmont;220.845219444444000;21445.700
Summer;Prairie;82.954547222222200;29108.620
Summer;Belmont;130.405833333333000;19445.120
Summer;Cheney;175.267952777778000;30080.900
Quarry;Prairie;136.540427777778000;20372.700
Quarry;Summer;218.927597222222000;23664.420
Rutherford;Prairie;175.616811111111000;25034.680
Rutherford;Quarry;229.936186111111000;15837.980
Anthony nwb;Quarry;247.656597222222000;9156.810
Anthony nwb;Rutherford;28.594688888888900;7639.490
Anthony seb;Rutherford;75.335841666666700;7580.750
Anthony seb;Anthony nwb;142.489797222222000;6034.705
Anthony seb;Quarry;210.129294444444000;9555.290
Miller 3;Rutherford;127.471652777778000;20139.640
Miller 3;Anthony nwb;146.982008333333000;22605.470
Miller 3;Anthony seb;148.592797222222000;16595.380
Miller 3;Quarry;170.274047222222000;22750.300
Fowler;Miller 3;46.492544444444500;14090.870
Fowler;Rutherford;95.606497222222200;26314.850
Fowler;Anthony seb;103.350016666667000;19374.420
Fowler;Quarry;132.199933333333000;18947.060
Fowler;Summer;181.590666666667000;31123.760
Sand Creek;Blue Hill NE;313.652200000000000;24098.720
Sand Creek;Herrick NE;8.217402777777780;21734.300
Lars;Sand Creek;273.225288888889000;17683.280
Lars;Herrick NE;327.037447222222000;26832.690
Lowell;Sand Creek;331.917372222222000;20604.890
Lowell;Lars;24.863358333333300;18918.970
Wanda;Blue Hill NE;341.323011111111000;34117.600
Wanda;Sand Creek;22.516791666666700;16964.230
Wanda;Lowell;98.896369444444400;16353.500
Mason;Blue Hill NE;6.026983333333330;32678.760
Mason;Sand Creek;52.781547222222200;26146.530
Mason;Wanda;89.373455555555600;14295.730
Prosser;Mason;322.082280555556000;16450.460
Prosser;Wanda;17.650936111111100;13803.220
Prosser;Lowell;62.441230555555600;22944.020
Shelton eb;Prosser;302.411438888889000;15548.870
Shelton eb;Lowell;20.756269444444400;20303.040
Shelton wb;Shelton eb;250.159711111111000;7884.720
Shelton wb;Prosser;285.358608333333000;21312.860
Shelton wb;Lowell;359.155755555556000;16318.190
Valley;Prosser;302.688786111111000;30145.340
Valley;Shelton eb;303.085086111111000;14597.160
Valley;Shelton wb;335.668283333333000;11687.380
Valley;Lowell;349.358958333333000;27437.340
Cameron 2;Prosser;345.369280555556000;27976.240
Cameron 2;Shelton eb;17.915691666666700;19678.440
Cameron 2;Valley;59.576266666666700;21180.560
Deer 2;Cameron 2;338.306888888889000;32368.590
Deer 2;Valley;8.746705555555550;41311.920
Divide 2;Deer 2;261.135452777778000;20125.460
Divide 2;Cameron 2;310.156083333333000;41779.190
Divide 2;Valley;340.033325000000000;40161.200
Pompey;Prosser;14.180488888888900;46370.040
Pompey;Cameron 2;45.772002777777800;25620.150
Pompey;Deer 2;112.087772222222000;32590.680
Yale;Deer 2;329.074511111111000;37821.130
Yale;Divide 2;0.722427777777778;35547.370
Brayton;Pompey;347.525525000000000;40832.160
Brayton;Deer 2;37.730797222222200;34959.830
Brayton;Yale;96.878783333333300;40942.950
Custer;Brayton;3.456397222222220;18954.460
Custer;Yale;71.467002777777800;44075.970
Daily;Custer;242.243786111111000;9688.990
Daily;Brayton;332.647061111111000;16222.910
Daily;Yale;73.956280555555600;34544.820
Elm;Custer;292.462369444444000;28104.430
Elm;Daily;311.257127777778000;23157.700
Elm;Yale;32.344416666666700;29471.050
Ono;Custer;23.648686111111100;22797.840
Ono;Elm;74.054847222222200;36467.230
Buffalo;Ono;295.859244444444000;26747.680
Buffalo;Custer;335.286011111111000;35865.460
Buffalo;Elm;26.690027777777800;24402.790
Deloit;Ono;9.371580555555560;36057.720
Deloit;Buffalo;51.462472222222200;38214.930
McClure;Deloit;291.787427777778000;16833.150
McClure;Ono;346.767544444444000;42978.350
McClure;Buffalo;25.252261111111100;33305.610
Hall;Deloit;30.171713888888900;20043.580
Hall;McClure;66.769602777777800;27947.410
Page swb;Hall;311.053247222222000;20743.590
Page swb;Deloit;349.738297222222000;31477.620
Page swb;McClure;22.066200000000000;26656.610
Old;Hall;344.604344444444000;18688.670
Old;Page swb;67.706950000000000;11521.600
Page neb;Old;290.440888888889000;5840.120
Page neb;Page swb;38.929447222222200;8250.990
Walnut;Hall;359.634000000000000;31682.150
Walnut;Old;19.162436111111100;14461.370
Walnut;Page swb;40.530911111111100;23713.360
Walnut;Page neb;41.340363888888900;15466.810
Prairie 1;Old;304.213375000000000;15467.560
Prairie 1;Page neb;312.324847222222000;9895.820
Prairie 1;Page swb;350.719772222222000;13260.800
Prairie 1;Walnut;254.133372222222000;18196.700
Sparta;Hall;34.200330555555600;41216.100
Sparta;Page swb;62.250361111111100;43767.820
Sparta;Walnut;84.093263888888900;23387.760
Santee;Sparta;20.838405555555600;23773.290
Santee;Walnut;52.212108333333300;40141.900
Avon;Santee;319.305686111111000;26634.140
Avon;Sparta;348.070391666667000;43370.160
Avon;Walnut;17.671813888888900;47092.520
Vod;Santee;357.604569444444000;31214.370
Vod;Avon;55.630708333333300;19401.430
Yankton;Santee;46.422958333333300;40640.140
Yankton;Avon;80.628233333333300;47301.290
Yankton;Vod;95.928508333333300;30771.370
Wieters;Yankton;325.173222222222000;33767.890
Wieters;Vod;24.706788888888900;27109.210
Freeman;Yankton;7.897241666666670;28293.450
Freeman;Vod;54.252063888888900;42499.620
Freeman;Wieters;89.403744444444500;23079.060
Wolf Creek;Freeman;324.865455555556000;22641.140
Wolf Creek;Wieters;28.120972222222200;21316.920
Silver Lake;Freeman;9.574908333333330;19681.990
Silver Lake;Wolf Creek;86.970755555555600;16281.850
Elm Springs;Wolf Creek;282.125247222222000;14585.940
Elm Springs;Wieters;349.003016666667000;22294.930
Farmer;Wolf Creek;348.393941666667000;25621.590
Farmer;Elm Springs;22.462325000000000;23822.030
Salem;Silver Lake;354.531747222222000;24781.890
Salem;Wolf Creek;28.556791666666700;29071.990
Salem;Farmer;88.723561111111100;18985.380
Canova;Salem;355.731988888889000;20239.790
Canova;Farmer;40.292058333333300;27021.430
Owens;Salem;23.216058333333300;21695.920
Owens;Canova;91.409883333333300;10031.400
Reese;Canova;273.846250000000000;13757.880
Reese;Farmer;9.746086111111110;21885.590
Crane;Owens;4.729297222222220;18356.750
Crane;Canova;32.603283333333300;21420.540
Caldwell 2;Crane;285.492408333333000;19293.950
Caldwell 2;Canova;343.001250000000000;24292.470
Caldwell 2;Reese;16.547486111111100;23257.850
Miner;Crane;324.373500000000000;15498.750
Miner;Caldwell 2;52.185772222222200;12097.970
Drakola;Miner;322.585169444444000;9936.490
Drakola;Caldwell 2;12.917980555555600;15715.960
Brock;Crane;26.443830555555600;21122.460
Brock;Miner;71.127972222222200;19444.260
Hansen;Brock;298.401688888889000;18326.540
Hansen;Crane;346.261138888889000;28467.010
Hansen;Miner;8.549852777777780;15220.700
Hansen;Drakola;49.216002777777800;10948.710
Larson;Brock;8.083327777777780;16725.890
Larson;Hansen;67.087936111111100;20028.070
Weiss;Larson;323.735975000000000;15252.560
Weiss;Hansen;25.076263888888900;22214.760
Jeska;Brock;40.181744444444400;12612.120
Jeska;Larson;140.181041666667000;9012.110
Oakwood Lake;Jeska;33.416016666666700;20469.480
Oakwood Lake;Larson;59.198044444444400;19828.930
Oakwood Lake;Weiss;94.792547222222200;26095.950
Horswill;Oakwood Lake;333.751919444444000;32511.900
Horswill;Weiss;23.276794444444400;29432.320
Olson;Oakwood Lake;12.907480555555600;28639.960
Olson;Weiss;51.567222222222200;41361.640
Olson;Horswill;93.566669444444500;20722.890
Elfring;Olson;298.776305555556000;26441.450
Elfring;Horswill;347.802700000000000;11779.780
Franklin 2;Olson;345.977483333333000;20804.750
Franklin 2;Horswill;39.595650000000000;24542.790
Franklin 2;Elfring;67.787038888888900;19550.020
Helgen;Franklin 2;309.603222222222000;30894.730
Helgen;Elfring;348.079452777778000;27750.950
Mound 2;Franklin 2;1.366911111111110;19191.820
Mound 2;Elfring;34.925963888888900;32413.900
Mound 2;Helgen;91.416741666666700;24194.070
Waubay;Mound 2;316.635305555556000;38340.960
Waubay;Helgen;355.535580555556000;27459.000
Boating;Mound 2;347.909263888889000;24673.890
Boating;Helgen;38.926833333333300;30269.240
Boating;Waubay;100.317266666667000;21411.460
Preacher Hill;Boating;337.619947222222000;22001.180
Preacher Hill;Waubay;37.508805555555600;20847.070
Pickerel;Preacher Hill;270.515769444444000;12113.760
Pickerel;Waubay;1.883758333333330;16679.620
Drywood;Preacher Hill;349.680355555556000;18071.670
Drywood;Pickerel;26.692622222222200;19758.880
Brown Valley seb;Boating;22.673186111111100;30870.600
Brown Valley seb;Preacher Hill;68.126611111111100;21779.220
Brown Valley seb;Drywood;112.483475000000000;25305.730
Brown Valley nwb;Brown Valley seb;329.119238888889000;8223.570
Brown Valley nwb;Boating;12.159327777777800;36366.500
Brown Valley nwb;Preacher Hill;46.469708333333300;22048.100
Brown Valley nwb;Drywood;97.735869444444400;19344.020
Layden;Boating;27.777791666666700;44117.780
Layden;Brown Valley seb;39.216386111111100;13636.730
Layden;Preacher Hill;57.112386111111100;34349.220
Layden;Brown Valley nwb;74.743872222222200;13296.710
Layden;Drywood;88.467877777777800;32002.150
Enwiller;Layden;1.322766666666670;21332.910
Enwiller;Drywood;55.674050000000000;39333.510
Hankinson;Enwiller;323.173486111111000;28660.110
Hankinson;Drywood;18.631988888888900;47711.590
Oscarson;Layden;30.564202777777800;31979.570
Oscarson;Drywood;59.602286111111100;55945.230
Oscarson;Enwiller;68.436991666666700;16897.920
Oscarson;Hankinson;117.171125000000000;36837.040
Foss;Oscarson;358.883783333333000;23863.440
Foss;Hankinson;77.708141666666700;33066.340
Wahpeton;Foss;356.088436111111000;15110.410
Wahpeton;Hankinson;54.730380555555600;38308.120
Western;Oscarson;45.046308333333300;38930.460
Western;Foss;82.558805555555600;28143.930
Western;Wahpeton;111.610213888889000;31049.070
Bullis;Oscarson;77.585841666666700;31633.710
Bullis;Foss;118.641050000000000;35593.160
Bullis;Western;170.859508333333000;20956.570
Fox 2;Western;324.000347222222000;20219.010
Fox 2;Wahpeton;73.681433333333300;17718.200
Indian 3;Western;353.804933333333000;33885.010
Indian 3;Fox 2;25.358541666666700;19159.670
Indian 3;Wahpeton;48.552186111111100;33642.270
Meadows;Indian 3;268.272513888889000;22012.480
Meadows;Fox 2;320.276094444444000;21686.230
Meadows;Wahpeton;8.218494444444450;21921.730
Tansem;Indian 3;0.505097222222222;29183.500
Tansem;Meadows;36.793661111111100;37169.480
Barnesville;Tansem;264.360744444444000;19089.480
Barnesville;Indian 3;325.408886111111000;33171.080
Barnesville;Meadows;6.470769444444440;28138.690
Eglon;Tansem;349.409727777778000;15682.250
Eglon;Barnesville;43.076852777777800;23602.360
Riverton;Eglon;267.871927777778000;15248.370
Riverton;Tansem;309.259230555556000;23452.650
Riverton;Barnesville;2.870827777777780;16735.770
Keene;Eglon;326.658491666667000;23199.550
Keene;Riverton;7.109036111111110;20095.540
Syre;Eglon;7.892894444444440;40367.040
Syre;Keene;41.564197222222200;27484.840
Morken;Keene;279.484133333333000;14225.090
Morken;Riverton;332.526780555556000;25124.130
Borup;Syre;265.836830555556000;24179.660
Borup;Keene;342.470169444444000;19802.890
Borup;Morken;26.014883333333300;18382.860
Gary;Syre;342.429725000000000;22883.390
Gary;Borup;36.220358333333300;29130.480
Wicklow;Gary;263.817619444444000;17642.350
Wicklow;Syre;309.063769444444000;31570.410
Wicklow;Borup;358.949827777778000;21655.940
Fertile;Gary;349.548211111111000;14802.530
Fertile;Wicklow;42.156352777777800;22139.730
Beltrami;Fertile;270.443750000000000;21061.590
Beltrami;Gary;301.720891666667000;27977.980
Beltrami;Wicklow;339.368472222222000;17768.610
Tilden;Fertile;355.255400000000000;19791.620
Tilden;Beltrami;44.900755555555600;27516.390
Andover;Tilden;274.012861111111000;21062.420
Andover;Fertile;313.007961111111000;31068.390
Andover;Beltrami;355.493144444444000;21099.940
Ives;Tilden;340.426988888889000;27568.590
Ives;Andover;25.701505555555600;27144.550
Shirley;Ives;243.579291666667000;19161.040
Shirley;Tilden;303.349830555556000;31691.090
Shirley;Andover;341.121727777778000;16875.820
Bray;Ives;352.905738888889000;14652.570
Bray;Shirley;33.734294444444400;27681.530
Sherack;Bray;254.939972222222000;20125.290
Sherack;Ives;293.605463888889000;23237.250
Sherack;Shirley;346.939513888889000;18317.100
Viking;Bray;357.712730555556000;21608.150
Viking;Sherack;34.788216666666700;32580.380
Warren;Viking;256.873808333333000;18679.970
Warren;Bray;312.210194444444000;25818.110
Warren;Sherack;0.790033333333333;22576.290
Wright 3;Viking;346.769552777778000;15809.070
Wright 3;Warren;36.674125000000000;24418.920
Argyle;Wright 3;260.569302777778000;21056.060
Argyle;Viking;296.005566666667000;27199.890
Argyle;Warren;338.862472222222000;17355.950
Stephen wb;Wright 3;284.614116666667000;24337.630
Stephen wb;Argyle;343.848886111111000;9995.420
Stephen eb;Wright 3;300.932116666667000;17140.540
Stephen eb;Argyle;26.389266666666700;13662.220
Stephen eb;Stephen wb;73.408200000000000;9221.833
Deer;Wright 3;339.224569444444000;21049.480
Deer;Argyle;29.975158333333300;26646.360
Deer;Stephen eb;33.656605555555500;13036.710
Deer;Stephen wb;50.016438888888900;20968.100
Donaldson;Deer;258.340138888889000;19256.680
Donaldson;Wright 3;300.850497222222000;30741.000
Donaldson;Stephen eb;300.896658333333000;13600.480
Donaldson;Stephen wb;343.587591666667000;10044.550
Donaldson;Argyle;343.703586111111000;20039.930
Jupiter;Deer;329.590566666667000;17458.760
Jupiter;Donaldson;27.932913888888900;21409.530
Skane;Jupiter;266.736233333333000;19226.750
Skane;Deer;296.385188888889000;31350.020
Skane;Donaldson;332.660247222222000;20100.000
Hallock;Jupiter;305.993302777778000;15656.320
Hallock;Skane;32.439094444444400;12172.800
Granville;Jupiter;344.748108333333000;18810.800
Granville;Skane;36.590505555555600;23905.520
Granville;Hallock;40.793583333333300;11795.170
Hill 2;Granville;261.334027777778000;21596.670
Hill 2;Hallock;292.640952777778000;14820.230
Hill 2;Skane;335.843155555556000;17529.530
Canada;Granville;341.876297222222000;14491.790
Canada;Hill 2;44.812786111111100;23910.440
States;Canada;269.957100000000000;17605.470
States;Granville;301.813761111111000;26074.250
States;Hill 2;357.281336111111000;17021.670
Boundary m. 54;Canada;90.056111111111100;25.290
Boundary m. 65;States;270.200000000000000;109.680
Elbow;Bullis;64.175027777777800;16752.200
Elbow;Western;126.129058333333000;22728.580
Dalton;Elbow;359.711850000000000;17578.950
Dalton;Bullis;31.073252777777800;29044.170
Dalton;Western;77.118541666666700;18741.080
Leaf;Elbow;64.362466666666700;31074.560
Leaf;Dalton;98.391252777777800;28326.670
Holmes 2;Elbow;126.335455555556000;30439.150
Holmes 2;Dalton;145.432652777778000;43249.880
Holmes 2;Leaf;186.317508333333000;31689.270
Alexandria;Holmes 2;81.908875000000000;21313.510
Alexandria;Leaf;148.424938888889000;33434.850
Parker;Alexandria;358.612263888889000;25236.340
Parker;Holmes 2;35.972213888888900;34882.850
Parker;Leaf;100.900725000000000;17209.090
Osakis;Alexandria;110.474872222222000;17884.510
Osakis;Parker;151.220683333333000;35923.810
Leslie;Osakis;12.171905555555600;19742.870
Leslie;Alexandria;58.071402777777800;24641.190
Leslie;Parker;119.643463888889000;24664.640
Maple;Osakis;51.625569444444500;13473.060
Maple;Leslie;149.729369444444000;12656.330
Long;Maple;42.935088888888900;11166.100
Long;Leslie;101.187905555556000;14243.100
Birch;Osakis;96.456786111111100;19950.100
Birch;Maple;138.872908333333000;14061.370
Birch;Long;175.003850000000000;18836.310
Eagle;Birch;80.883405555555600;15480.720
Eagle;Long;134.027550000000000;23476.000
Lone;Eagle;350.005358333333000;24103.740
Lone;Birch;22.960191666666700;28455.390
Lone;Long;59.673147222222200;14721.540
Falls;Eagle;62.805847222222200;36625.520
Falls;Lone;100.858580555556000;37287.090
Brockway;Eagle;102.493877777778000;29485.310
Brockway;Lone;132.540283333333000;44576.630
Brockway;Falls;189.278061111111000;23443.620
Royalton nb;Brockway;42.311363888888900;6874.260
Royalton nb;Eagle;92.256855555555600;33435.720
Royalton nb;Falls;177.365630555556000;18069.690
Alberta;Brockway;75.946311111111100;15622.870
Alberta;Eagle;93.459097222222200;44006.860
Alberta;Royalton nb;96.948205555555600;10597.010
Alberta;Falls;149.653033333333000;22403.630
Royalton sb;Brockway;114.449450000000000;9189.810
Royalton sb;Royalton nb;157.196783333333000;9637.551
Royalton sb;Alberta;221.707111111111000;10198.620
Johnson;Falls;317.949258333333000;29121.690
Johnson;Eagle;18.698661111111100;40608.710
Johnson;Lone;49.345447222222200;22587.640
Rail;Falls;330.749247222222000;31753.450
Rail;Johnson;33.233777777777800;7254.030
Daggett;Falls;14.633252777777800;22304.190
Daggett;Johnson;90.281611111111100;25052.010
Daggett;Rail;106.350177777778000;21942.640
Jones 2;Daggett;19.943186111111100;26583.900
Jones 2;Rail;58.048822222222200;35490.390
Gull;Jones 2;282.224577777778000;24096.780
Gull;Daggett;334.175861111111000;33469.380
Gull;Rail;15.132538888888900;24862.200
Brook;Jones 2;18.570452777777800;33227.950
Brook;Gull;52.400113888888900;43044.260
Rabbit;Jones 2;45.445269444444400;17692.070
Rabbit;Gull;78.774113888888900;36831.350
Rabbit;Brook;173.973708333333000;19187.790
Bethlehem;Rabbit;99.436519444444400;22563.400
Bethlehem;Brook;133.276530555556000;33242.560
French;Bethlehem;19.277400000000000;18174.420
French;Rabbit;64.570775000000000;31285.620
French;Brook;100.616691666667000;30705.500
Rae;Bethlehem;69.640266666666700;18058.990
Rae;French;134.899675000000000;15387.610
Kimberly;Rae;345.994183333333000;8864.090
Kimberly;Bethlehem;44.794863888888900;20981.970
Kimberly;French;104.451791666667000;9044.460
Grindle;Rae;72.065561111111100;9078.780
Grindle;Kimberly;118.345402777778000;12234.500
Gregor;Grindle;343.883738888889000;9430.960
Gregor;Rae;26.906752777777800;13299.420
Gregor;Kimberly;68.226866666666700;8778.460
Tamarack;Grindle;22.687758333333300;18003.040
Tamarack;Gregor;51.680263888888900;12169.220
Douglas;Grindle;61.261883333333300;12657.890
Douglas;Gregor;102.276063888889000;14016.630
Douglas;Tamarack;158.500905555556000;11305.830
Bachelor 2;Douglas;66.091625000000000;12287.240
Bachelor 2;Tamarack;109.860797222222000;16327.950
Wright 2;Bachelor 2;332.408527777778000;9954.360
Wright 2;Douglas;25.605763888888900;15314.640
Wright 2;Tamarack;72.999713888888900;11241.740
Island 2;Bachelor 2;94.990302777777800;9204.400
Island 2;Wright 2;124.996425000000000;16796.930
Cromwell;Island 2;38.848122222222200;9076.890
Cromwell;Bachelor 2;67.159669444444400;16126.810
Cromwell;Wright 2;97.550394444444400;19614.340
Sawyer;Island 2;77.320227777777800;18168.490
Sawyer;Cromwell;104.329138888889000;12403.620
Mahtowa;Island 2;106.882441666667000;16441.390
Mahtowa;Cromwell;139.724877777778000;15511.430
Mahtowa;Sawyer;192.794325000000000;8991.880
Atkinson;Mahtowa;105.203550000000000;6795.470
Atkinson;Sawyer;156.636261111111000;11490.740
Cloquet;Atkinson;24.885588888888900;19722.840
Cloquet;Mahtowa;42.695486111111100;21906.310
Cloquet;Sawyer;60.260036111111100;14789.900
Carlton;Atkinson;63.611158333333300;13176.220
Carlton;Cloquet;163.807902777778000;12527.370
Annie;Carlton;60.289791666666700;14223.230
Annie;Atkinson;61.943450000000000;27387.130
Annie;Cloquet;107.498805555556000;16589.920
Dedham;Atkinson;101.975113888889000;33151.630
Dedham;Carlton;121.634419444444000;24203.340
Dedham;Annie;157.319977777778000;21380.230
Superior;Dedham;23.094744444444400;14193.620
Superior;Annie;115.835516666667000;15324.940
Superior;Minnesota nb;182.358611111111000;12219.640
Superior;Minnesota sb;209.108394444444000;8375.450
Duluth;Minnesota nb;270.438752777778000;6870.300
Duluth;Minnesota sb;295.310372222222000;11556.060
Duluth;Superior;332.512038888889000;13822.920
Duluth;Dedham;358.130838888889000;25337.890
Duluth;Annie;52.965002777777800;9295.280
Minnesota nb;Minnesota sb;323.870458333333000;6056.690
Corpus;Rogers 2;87.804852777777800;20803.890
Corpus;Kaleta;135.880108333333000;17580.740
Portland;Corpus;34.089391666666700;12783.310
Portland;Rogers 2;67.864386111111100;30178.270
Portland;Kaleta;96.008477777777800;19503.560
McGloins Bluff;Corpus;77.035063888888900;18855.870
McGloins Bluff;Portland;119.549144444444000;12875.150
Mustang;Corpus;114.270786111111000;24597.730
Mustang;Portland;143.613483333333000;25699.010
Laguna Madre nb;Corpus;134.513752777778000;18791.920
Laguna Madre nb;Portland;165.306391666667000;24560.890
Laguna Madre sb;Corpus;148.222461111111000;21456.510
Laguna Madre sb;Laguna Madre nb;202.536805555556000;5486.855
Padre;Laguna Madre sb;98.163919444444400;6422.300
Padre;Laguna Madre nb;144.582719444444000;7336.310
Padre;McGloins Bluff;181.782222222222000;23400.960
Padre;Mustang;207.828344444444000;10240.320
Miller 3;Renfrow;306.642541666667000;24762.760
Fowler;Renfrow;338.542494444444000;26328.600
Rutherford;Sand Hill;1.746166666666670;30590.700
Miller 3;Sand Hill;42.812044444444400;24976.440
Renfrow;Sand Hill;84.640186111111100;37012.850
Sand Hill;Vicar;317.899025000000000;29795.140
Renfrow;Vicar;33.489411111111100;30756.550
Vicar;Hahn;293.015444444444000;26625.470
Renfrow;Hahn;348.244119444444000;36882.730
Sand Hill;McCoy;351.614580555556000;37543.200
Vicar;McCoy;44.097575000000000;20888.290
Hahn;McCoy;83.456413888888900;39310.840
McCoy;Enid;291.551975000000000;22994.500
Hahn;Enid;53.664330555555600;21980.240
Enid;Garber;276.401066666667000;21653.680
Hahn;Garber;346.183913888889000;15943.120
Enid;Mitchell;309.015347222222000;39367.140
Garber;Mitchell;338.073716666667000;24136.990
McCoy;Waukomis;334.782386111111000;31271.910
Enid;Waukomis;22.254391666666700;21420.180
Mitchell;Waukomis;97.502308333333300;39015.830
Waukomis;Parnell;337.519994444444000;21910.340
Mitchell;Parnell;63.448013888888900;33977.800
Parnell;Wingard;300.122444444444000;34197.950
Mitchell;Wingard;1.542825000000000;32465.020
Waukomis;Burson;7.318347222222220;40067.500
Parnell;Burson;34.719144444444400;23702.970
Wingard;Burson;87.109263888888900;43142.200
Burson;Eichoff;338.386155555556000;27384.490
Wingard;Eichoff;50.112841666666700;43169.870
Eichoff;Edmonds;276.623283333333000;35485.660
Wingard;Edmonds;356.218830555556000;31978.000
Burson;Caddo;3.773666666666670;35213.380
Eichoff;Caddo;52.103863888888900;15733.320
Edmonds;Caddo;83.560486111111100;47988.830
Caddo;Yukon;303.625050000000000;25719.610
Eichoff;Yukon;339.433930555556000;25565.420
Edmonds;Yukon;53.159019444444400;32920.420
Yukon;Smith;294.938202777778000;26191.920
Edmonds;Smith;4.870450000000000;30964.210
Caddo;Carson;355.414947222222000;37362.490
Yukon;Carson;38.840733333333300;29473.140
Smith;Carson;74.399294444444500;43882.060
Caddo;Elreno eb;345.566852777778000;18873.190
Eichoff;Elreno eb;15.473700000000000;28999.120
Yukon;Elreno eb;76.562738888888900;17192.260
Carson;Elreno eb;185.193402777778000;19042.980
Caddo;Elreno wb;28.112688888888900;15695.200
Elreno eb;Elreno wb;110.155530555556000;12886.671
Carson;Elreno wb;156.091930555556000;25599.320
Carson;Lanier;309.810452777778000;35642.550
Smith;Lanier;23.338219444444400;37845.920
Lanier;Purcell;288.078197222222000;20336.050
Smith;Purcell;353.986338888889000;41319.320
Lanier;Table Hill;341.093252777778000;46404.200
Purcell;Table Hill;6.640777777777780;37834.610
Lanier;Osaria;28.468375000000000;47031.390
Table Hill;Osaria;93.997447222222200;37541.760
Carson;Kechi;23.093791666666700;40938.280
Lanier;Kechi;71.312850000000000;45901.030
Osaria;Kechi;141.525877777778000;33958.510
Osaria;Velma;325.218544444444000;35183.590
Table Hill;Velma;33.573841666666700;31639.960
Velma;Arbuckle Mt.;269.570663888889000;34648.600
Table Hill;Arbuckle Mt.;326.757625000000000;31286.870
Velma;Lone tree;330.278555555556000;25311.996
Arbuckle Mt.;Lone tree;45.027666666666700;31353.270
Velma;Monument 2;44.533263888888900;30168.060
Lone tree;Monument 2;90.887308333333300;33710.130
Osaria;Duncan;28.302027777777800;27635.390
Velma;Duncan;97.960033333333400;33485.490
Monument 2;Duncan;155.204158333333000;28766.970
Monument 2;Benton;351.128713888889000;16469.440
Lone tree;Benton;63.219347222222200;34976.290
Benton;Grady;286.022925000000000;18165.030
Lone tree;Grady;33.488647222222200;24977.710
Benton;Blue;335.246111111111000;35769.790
Grady;Blue;5.268197222222220;27580.970
Monument 2;Cube;28.708252777777800;39530.210
Benton;Cube;49.497055555555600;28319.070
Blue;Cube;111.192633333333000;39135.040
Cube;Myers;19.524916666666700;35326.040
Blue;Myers;68.471422222222200;52053.840
Myers;Queen;270.209269444444000;35295.120
Cube;Queen;324.937383333333000;40886.830
Blue;Queen;34.074511111111100;23432.340
Myers;Jones;306.802680555556000;19270.976
Queen;Jones;60.325866666666700;22911.020
Jones;Bowie nwb;212.879080555556000;13226.310
Myers;Bowie nwb;271.078363888889000;22596.650
Queen;Bowie nwb;88.874133333333300;12705.700
Jones;Bowie seb;249.307294444444000;12984.960
Bowie nwb;Bowie seb;322.738833333333000;8196.028
Queen;Bowie seb;48.820794444444500;10296.370
Jones;Spradling;340.240622222222000;14649.740
Bowie nwb;Spradling;5.155708333333330;24994.310
Queen;Spradling;30.792950000000000;29265.660
Myers;Indian;7.132183333333330;33731.540
Jones;Indian;41.912283333333300;29421.610
Spradling;Indian;71.792622222222200;25907.280
Spradling;Bowie standpipe;221.359547222222000;24805.730
Jones;Bowie standpipe;257.218188888889000;21876.360
Bowie seb;Bowie standpipe;268.503561111111000;9190.420
Bowie nwb;Bowie standpipe;293.927636111111000;15479.790
Queen;Bowie standpipe;347.612686111111000;6702.740
Bowie standpipe;Jim Ned;255.697333333333000;21084.500
Queen;Jim Ned;273.493000000000000;21908.700
Blue;Jim Ned;337.187833333333000;22536.800
Indian;Moore;312.518394444444000;22872.930
Spradling;Moore;18.271677777777800;24848.610
Moore;Davis 2;323.431033333333000;16786.560
Spradling;Davis 2;356.605183333333000;37150.890
Indian;Woolly;3.465505555555560;29057.170
Moore;Woolly;54.056225000000000;23022.030
Davis 2;Woolly;89.994827777777800;28639.740
Woolly;Gilbert;306.397488888889000;48537.470
Davis 2;Gilbert;340.315961111111000;30712.420
Woolly;Kyle;1.754691666666670;26828.070
Davis 2;Kyle;47.767002777777800;39895.530
Gilbert;Kyle;93.076508333333300;39939.530
Kyle;Oaks;306.848602777778000;23823.730
Gilbert;Oaks;59.655519444444400;24189.150
Oaks;Comanche;319.780169444444000;45729.530
Gilbert;Comanche;349.697094444444000;47973.460
Kyle;McClenny;343.737083333333000;42637.120
Oaks;McClenny;15.079066666666700;27579.800
Comanche;McClenny;102.892486111111000;37627.410
McClenny;Pilot;346.515958333333000;21884.730
Comanche;Pilot;67.820202777777800;34182.870
Pilot;Lone Mt.;310.129933333333000;16574.520
McClenny;Lone Mt.;330.908761111111000;36571.290
Comanche;Lone Mt.;38.826263888888900;30327.770
Pilot;Young;63.932163888888900;17533.220
Lone Mt.;Young;96.052877777777800;28577.840
McClenny;Gatlin;23.274255555555600;14701.690
Pilot;Gatlin;125.503338888889000;13399.320
Young;Gatlin;197.271675000000000;16225.520
Young;Stephenville nb;268.553377777778000;17925.900
Pilot;Stephenville nb;343.393061111111000;7596.890
Lone Mt.;Stephenville nb;108.024930555556000;11038.910
Young;Alarm;276.129755555556000;7310.380
Gatlin;Alarm;351.462052777778000;16458.030
Pilot;Alarm;44.951625000000000;12005.900
Stephenville nb;Alarm;83.497400000000000;10722.740
Lone Mt.;Alarm;95.971286111111100;21267.540
Young;Stephenville sb;287.989413888889000;18787.450
Alarm;Stephenville sb;295.389355555556000;11729.730
Stephenville nb;Stephenville sb;0.569994444444444;6255.090
Lone Mt.;Stephenville sb;74.960363888888900;10940.580
Young;Gibson;340.428175000000000;29119.050
Pilot;Gibson;9.744691666666670;35671.120
Stephenville nb;Gibson;16.420477777777800;29059.970
Stephenville sb;Gibson;20.660383333333300;23105.960
Lone Mt.;Gibson;37.469330555555600;30806.460
Gibson;Gleason;287.783405555556000;25660.600
Young;Gleason;315.869319444444000;49112.090
Stephenville sb;Gleason;331.094177777778000;33671.600
Lone Mt.;Gleason;350.037141666667000;32827.480
Gibson;Chamliss;346.918186111111000;32669.870
Gleason;Chamliss;35.527980555555500;29421.480
Chamliss;Scoggins;262.890369444444000;23361.100
Gibson;Scoggins;313.401408333333000;42080.680
Gleason;Scoggins;343.895480555556000;21952.590
Chamliss;Brown;358.851869444444000;24168.640
Scoggins;Brown;40.122236111111100;35314.890
Brown;King 2;283.135577777778000;22069.770
Chamliss;King 2;323.013080555556000;36528.770
Scoggins;King 2;2.279133333333330;32092.090
Brown;Franklin;343.187027777778000;22198.660
King 2;Franklin;42.990305555555600;22151.670
Franklin;Gilmore;322.059108333333000;18437.680
King 2;Gilmore;7.022483333333330;30992.830
Brown;Flat Top;20.780091666666700;34886.970
Franklin;Flat Top;58.872322222222200;21968.090
Gilmore;Flat Top;96.092330555555500;30309.180
Flat Top;Bachelor;318.850622222222000;22051.430
Franklin;Bachelor;8.783286111111110;28318.890
Gilmore;Bachelor;49.412330555555600;20640.940
Flat Top;Lampasas neb;310.338147222222000;14172.750
Gilmore;Lampasas neb;72.814233333333300;20266.020
Bachelor;Lampasas neb;153.562438888889000;8304.180
Flat Top;Lampasas swb;332.285175000000000;15880.020
Franklin;Lampasas swb;24.232061111111100;27884.540
Lampasas neb;Lampasas swb;35.040475000000000;5961.171
Gilmore;Lampasas swb;64.518691666666700;25248.790
Bachelor;Lampasas swb;109.745300000000000;7566.420
Flat Top;May;356.667522222222000;30973.560
Lampasas swb;May;18.364100000000000;17763.780
Bachelor;May;41.676100000000000;19144.260
May;Gabriel;289.859458333333000;33741.120
Bachelor;Gabriel;323.642244444444000;32035.580
Gilmore;Gabriel;355.225919444444000;39393.100
May;Buzzard;330.063916666667000;27694.730
Gabriel;Buzzard;55.182516666666700;21865.310
May;Post;5.977433333333330;12667.900
Buzzard;Post;127.054625000000000;18952.320
Buzzard;Travis;329.001477777778000;17129.380
Gabriel;Travis;18.610747222222200;28681.800
Post;Shovel;0.656883333333333;34359.210
Buzzard;Shovel;34.165533333333300;27720.180
Travis;Shovel;71.350891666666700;25747.730
Shovel;Shingle;316.262250000000000;21182.440
Travis;Shingle;22.546000000000000;25521.380
Shingle;Barton;269.608388888889000;24648.700
Shovel;Barton;291.025258333333000;42095.170
Travis;Barton;327.604880555556000;27741.760
Shingle;Cedar 2;312.788575000000000;18599.900
Barton;Cedar 2;40.792516666666700;16878.570
Shingle;Loneman;358.302269444444000;25169.130
Cedar 2;Loneman;45.929425000000000;17981.880
Loneman;Carpenter;264.201577777778000;19106.870
Cedar 2;Carpenter;330.112558333333000;12224.990
Barton;Carpenter;11.943111111111100;23901.070
Loneman;Krueger;318.916377777778000;16857.850
Carpenter;Krueger;28.549113888888900;16647.470
Loneman;Hugo 2;19.205486111111100;16049.750
Carpenter;Hugo 2;54.972872222222200;29696.890
Krueger;Hugo 2;81.539697222222200;16540.400
Hugo 2;Gus;341.475083333333000;14846.520
Krueger;Gus;35.228283333333300;20220.970
Gus;Tieken;318.573347222222000;14057.910
Krueger;Tieken;5.011505555555560;27172.000
Gus;Mission Hill;31.960080555555600;12842.230
Tieken;Mission Hill;88.784822222222200;16103.230
Hugo 2;Beer;21.919388888888900;18484.400
Gus;Beer;75.217325000000000;12016.270
Mission Hill;Beer;148.343888888889000;9194.680
Mission Hill;Seguin wb;302.812375000000000;12294.200
Beer;Seguin wb;313.681616666667000;20968.900
Gus;Seguin wb;348.633402777778000;17915.340
Tieken;Seguin wb;39.456052777777800;9089.960
Seguin wb;Seguin eb;248.119211111111000;6794.590
Mission Hill;Seguin eb;283.923497222222000;17139.010
Beer;Seguin eb;299.086808333333000;24564.080
Gus;Seguin eb;326.800061111111000;17961.760
Tieken;Seguin eb;353.268852777778000;4520.700
Mission Hill;Mott;303.694994444444000;23234.200
Seguin wb;Mott;304.739438888889000;10943.100
Seguin eb;Mott;342.991980555556000;9170.660
Tieken;Mott;346.379291666667000;13642.660
Mission Hill;Harndon;345.300377777778000;19455.370
Seguin wb;Harndon;23.987477777777800;13300.180
Tieken;Harndon;30.276427777777800;22194.440
Seguin eb;Harndon;38.609072222222200;18782.560
Mott;Harndon;67.711911111111100;15567.300
Harndon;Central;288.361519444444000;7873.710
Seguin wb;Central;351.970188888889000;14780.330
Seguin eb;Central;13.906797222222200;17683.550
Mott;Central;39.561361111111100;10887.950
Central;Thomas 2;317.516380555556000;14189.200
Mott;Thomas 2;352.027050000000000;19048.130
Harndon;Lavernia;5.168538888888890;25643.720
Central;Lavernia;23.027272222222200;25048.570
Thomas 2;Lavernia;57.043927777777800;23110.740
Lavernia;Stockdale;291.098458333333000;21283.820
Thomas 2;Stockdale;358.722400000000000;20272.650
Lavernia;Serita;349.735630555556000;14502.130
Thomas 2;Serita;32.086672222222200;31686.920
Stockdale;Serita;69.163408333333300;18493.890
Serita;Karnes;330.554697222222000;39218.720
Stockdale;Karnes;357.269766666667000;40806.410
Karnes;Ruckman;226.026847222222000;23877.400
Serita;Ruckman;295.712602777778000;40439.880
Stockdale;Ruckman;321.656702777778000;30827.810
Karnes;Choate;313.668083333333000;25772.850
Ruckman;Choate;357.654555555556000;34405.110
Karnes;Bryde;350.559025000000000;14475.640
Ruckman;Bryde;25.722313888888900;34227.770
Choate;Bryde;102.287522222222000;16643.990
Bryde;Pettus;317.198700000000000;14391.910
Choate;Pettus;42.746988888888900;9574.440
Bryde;Borroum;3.589702777777780;14068.590
Pettus;Borroum;71.960822222222200;11213.660
Borroum;Wiess;292.856325000000000;17339.220
Pettus;Wiess;332.553197222222000;11518.520
Choate;Wiess;3.962386111111110;17297.350
Borroum;Fleming;4.479180555555560;18090.630
Wiess;Fleming;57.062141666666700;20739.630
Fleming;Beeville;271.296838888889000;13599.710
Borroum;Beeville;326.410513888889000;22021.920
Wiess;Beeville;18.176727777777800;12214.150
Fleming;Miller 2;329.114716666667000;20300.110
Beeville;Miller 2;10.578747222222200;17405.850
Miller 2;O_Neill;251.506241666667000;10621.980
Fleming;O_Neill;304.424419444444000;24841.340
Beeville;O_Neill;333.411044444444000;15368.810
Miller 2;Skelly;357.718191666667000;10290.210
O_Neill;Skelly;35.343219444444400;16725.650
Skelly;Welder;284.206491666667000;14916.350
Miller 2;Welder;313.155741666667000;20383.910
O_Neill;Welder;344.562055555556000;17963.780
Skelly;Mathis;10.796461111111100;13044.440
Welder;Mathis;61.635316666666700;19222.580
Mathis;Nolan;313.707830555556000;13970.550
Skelly;Nolan;341.189913888889000;23736.700
Welder;Nolan;19.964577777777800;20002.020
Mathis;Elliff;354.925288888889000;28756.300
Nolan;Elliff;21.743427777777800;20437.940
Mathis;Reynolds;33.702980555555600;21738.460
Nolan;Reynolds;69.218613888888900;23711.010
Elliff;Reynolds;125.875469444444000;18022.860
Reynolds;Alice;30.804519444444400;24209.530
Elliff;Alice;69.291436111111100;28893.650
Alice;Wood;276.789916666667000;13417.680
Reynolds;Wood;357.637227777778000;22413.090
Elliff;Wood;49.195561111111100;18108.140
Alice;Alice eb;319.439561111111000;14289.740
Wood;Alice eb;23.568152777777800;10108.630
Alice;Alice wb;347.980216666667000;11141.990
Wood;Alice wb;49.823727777777800;14414.330
Alice eb;Alice wb;89.702644444444400;6971.708
Elliff;Rogers 2;288.390441666667000;18890.670
Nolan;Rogers 2;337.471975000000000;27016.430
Rogers 2;Kaleta;212.406133333333000;15910.120
Elliff;Kaleta;254.188697222222000;27471.900
Nolan;Kaleta;301.398363888889000;22102.490
Alice wb;King;313.011455555556000;14983.480
Wood;King;0.195105555555556;19530.200
King;Bishop;262.944775000000000;16835.570
Alice wb;Bishop;286.393411111111000;28834.640
Wood;Bishop;316.378480555556000;24122.080
King;Ricardo;359.913702777778000;16571.000
Bishop;Ricardo;41.909102777777800;25014.640
Ricardo;Kleberg;267.205880555556000;13135.620
King;Kleberg;320.472588888889000;20653.680
Bishop;Kleberg;11.276105555555600;18347.730
Ricardo;Riviera;335.472861111111000;13161.370
Kleberg;Riviera;31.317627777777800;14755.860
Riviera;Robbins 2;264.663558333333000;14576.630
Ricardo;Robbins 2;297.977513888889000;22620.030
Kleberg;Robbins 2;328.704625000000000;13176.390
Riviera;Roza;350.197316666667000;13649.910
Robbins 2;Roza;39.530547222222200;19178.370
Roza;Sarita;278.441405555556000;12929.570
Riviera;Sarita;315.437133333333000;21539.160
Robbins 2;Sarita;358.008408333333000;16712.700
Roza;Turcotte;356.503680555556000;15197.040
Sarita;Turcotte;41.852408333333300;17799.880
Turcotte;Kenedy;281.501469444444000;9898.620
Roza;Kenedy;328.203702777778000;20168.490
Sarita;Kenedy;8.133772222222220;15396.350
Turcotte;Katherine;4.067702777777780;15184.340
Kenedy;Katherine;39.332627777777800;17019.220
Katherine;Armstrong;270.121608333333000;11042.230
Turcotte;Armstrong;326.700050000000000;18150.650
Kenedy;Armstrong;358.892863888889000;13199.400
Katherine;Vinson;5.799847222222220;15848.270
Armstrong;Vinson;38.818069444444400;20192.270
Vinson;Norias;278.732375000000000;11293.210
Katherine;Norias;331.328083333333000;19926.420
Armstrong;Norias;4.900727777777780;17522.380
Vinson;Stillman;7.461844444444450;15744.800
Norias;Stillman;43.592277777777800;19171.590
Stillman;Yturria;271.451033333333000;14475.790
Vinson;Yturria;322.131188888889000;20243.180
Norias;Yturria;354.986669444444000;14321.700
Stillman;Brenner;347.353775000000000;15444.180
Yturria;Brenner;37.091058333333300;18416.380
Brenner;Raymond;268.897558333333000;12663.430
Stillman;Raymond;312.736905555556000;21841.690
Yturria;Raymond;353.862352777778000;14541.040
Brenner;Hidalgo;358.513644444444000;16275.310
Raymond;Hidalgo;36.600447222222200;20554.450
Hidalgo;Sebastian;269.788547222222000;9140.810
Brenner;Sebastian;329.501788888889000;18842.780
Raymond;Sebastian;10.703955555555600;16768.120
Hidalgo;Mercedes;1.943716666666670;14052.720
Sebastian;Mercedes;34.378800000000000;17049.770
Mercedes;Harlingen;281.727169444444000;11500.380
Hidalgo;Harlingen;326.645513888889000;19613.080
Sebastian;Harlingen;354.325677777778000;16498.240
Mercedes;Maria;359.722802777778000;13396.460
Harlingen;Maria;45.401552777777800;15736.490
Maria;Mitla;267.710008333333000;11622.390
Mercedes;Mitla;317.916783333333000;17424.300
Harlingen;Mitla;357.792366666667000;10602.580
Mercedes;Donna;74.442250000000000;18605.720
Maria;Donna;115.046594444444000;19855.970
Donna;Rio;314.087658333333000;13955.840
Mercedes;Rio;28.271658333333300;16706.890
Maria;Rio;80.621997222222200;8086.150
Donna;Tenacitas;357.863244444444000;19060.000
Rio;Tenacitas;44.972291666666700;13187.790
Donna;Colombres;16.908877777777800;19992.540
Rio;Colombres;59.307011111111100;18427.640
Tenacitas;Colombres;89.287616666666700;6525.990
Mitla;Benito;276.425941666667000;12444.820
Harlingen;Benito;313.177344444444000;17518.400
Benito;Cowgill;198.288997222222000;11885.720
Mitla;Cowgill;238.399941666667000;18886.080
Harlingen;Cowgill;272.423675000000000;16508.650
Benito;Olmito;285.349791666667000;10206.900
Cowgill;Olmito;336.409258333333000;15264.650
Olmito;Resaca;209.555125000000000;11899.210
Benito;Resaca;244.017936111111000;17470.060
Cowgill;Resaca;286.888886111111000;12513.180
Olmito;Arista;287.633658333333000;17839.350
Resaca;Arista;324.782516666667000;19290.780
Arista;Point Isabel wb;198.241577777778000;11864.190
Olmito;Point Isabel wb;254.171441666667000;21516.080
Resaca;Point Isabel wb;286.841630555556000;15493.320
Arista;Point Isabel sb;234.217950000000000;10955.330
Point Isabel wb;Point Isabel sb;313.239275000000000;7099.960
Point Isabel sb;Point Isabel eb;219.772311111111000;2509.290
Arista;Point Isabel eb;231.533280555556000;13399.560
Point Isabel wb;Point Isabel eb;293.413827777778000;7384.920
Arista;Fronton;241.378197222222000;17221.800
Point Isabel sb;Fronton;253.549863888889000;6497.030
Point Isabel eb;Fronton;271.106638888889000;4626.650
Point Isabel wb;Fronton;284.841211111111000;11796.200
Fronton;Cameron;134.175983333333000;12327.430
Point Isabel eb;Cameron;153.599677777778000;9487.520
Point Isabel sb;Cameron;165.923680555556000;10748.920
Arista;Cameron;200.421116666667000;17958.630
Point Isabel wb;Cameron;204.665683333333000;6119.690
Fronton;Pool;215.773538888889000;7394.820
Cameron;Pool;281.095308333333000;13416.690
Pool;Fox;117.763480555556000;14953.970
Fronton;Fox;145.488208333333000;15729.400
Cameron;Fox;179.035213888889000;4371.200
Pool;Singer;169.779486111111000;9169.830
Cameron;Singer;240.811272222222000;13206.710
Fox;Singer;259.883800000000000;11786.530
Singer;Black Hill;171.454027777778000;6224.260
Fox;Black Hill;232.381863888889000;13474.160
Black Hill;Armadillo;97.381566666666700;9253.310
Singer;Armadillo;126.020338888889000;12489.340
Fox;Armadillo;189.032638888889000;9523.950
Cameron;Mesena 2;351.526283333333000;7862.400
Fronton;Mesena 2;96.038069444444500;7730.900
Point Isabel eb;Mesena 2;103.250036111111000;3146.200
Point Isabel sb;Mesena 2;151.186975000000000;3023.700
Arista;Mesena 2;219.367319444444000;11711.400
Arista;Point Isabel L.H.;241.538269444444000;17146.410
Mesena 2;Point Isabel L.H.;276.616816666667000;7696.390
Cameron;Point Isabel L.H.;314.537316666667000;12351.080
Fox;Point Isabel L.H.;325.739700000000000;15769.420
Black Hill;Point Isabel L.H.;4.874744444444440;21333.500
Singer;Point Isabel L.H.;10.281650000000000;15347.490
Fronton;Point Isabel L.H.;29.037986111111100;89.380
Point Isabel L.H.;Armadillo 2;161.810916666667000;23621.200
Cameron;Armadillo 2;185.866277777778000;13845.700
Fox;Armadillo 2;188.996694444444000;9519.700
Armadillo 2;Bank;40.341083333333300;7948.400
Fox;Bank;132.446805555556000;4954.400
Cameron;Bank;154.198805555556000;8568.600
Armadillo 2;Hike;89.953722222222200;6220.000
Fox;Hike;153.275000000000000;10520.800
Bank;Hike;169.909805555556000;6147.900
Armadillo 2;Cat 2;140.959472222222000;6993.300
Hike;Cat 2;198.434472222222000;5731.700
Armadillo 2;Green 2;161.243333333333000;13193.200
Cat 2;Green 2;181.299500000000000;7062.700
Hike;Green 2;188.964611111111000;12653.100
Green 2;Water;61.936666666666700;7763.000
Cat 2;Water;117.000138888889000;7508.400
Hike;Water;151.124222222222000;10101.300
Water;Colorado;261.960277777778000;5097.400
Green 2;Colorado;31.497638888888900;3450.200
Cat 2;Colorado;158.261472222222000;4434.400
Green 2;Pelican 2;108.125027777778000;5887.600
Water;Pelican 2;192.857944444444000;5625.400
Green 2;Skin;123.886416666667000;10510.100
Pelican 2;Skin;142.133055555556000;5101.000
Water;Skin;168.820416666667000;9694.900
Green 2;Storm;165.526805555556000;10552.900
Skin;Storm;234.361138888889000;7486.700
Storm;Rifle;97.913833333333300;5795.800
Green 2;Rifle;142.749361111111000;13840.800
Skin;Rifle;183.810611111111000;5169.000
Storm;Sauz;129.990805555556000;9120.200
Rifle;Sauz;166.139916666667000;5214.500
Storm;Windy;169.814027777778000;10944.400
Rifle;Windy;200.856500000000000;10675.100
Sauz;Windy;225.781611111111000;7045.300
Windy;Lomalto;95.749583333333300;6409.100
Rifle;Lomalto;166.358361111111000;10923.900
Sauz;Lomalto;166.552277777778000;5709.500
Windy;Back;158.371250000000000;9885.900
Lomalto;Back;197.701916666667000;8974.100
Back;Portalis 2;59.629305555555600;4846.600
Windy;Portalis 2;130.738583333333000;10328.800
Lomalto;Portalis 2;166.603805555556000;6268.400
Back;Last Resort;127.606638888889000;7461.700
Portalis 2;Last Resort;166.108083333333000;7214.200
Back;Topo;146.742222222222000;11915.500
Portalis 2;Topo;169.248527777778000;12635.300
Last Resort;Topo;173.402194444444000;5446.200
Portalis 2;Sea;186.043972222222000;12100.200
Last Resort;Sea;210.857777777778000;5859.600
Topo;Sea;275.972111111111000;3651.000
Sea;Mosquito 2;135.750250000000000;8043.800
Topo;Mosquito 2;159.765083333333000;5734.200
Sea;Norwest;204.044972222222000;13816.100
Mosquito 2;Norwest;238.600194444444000;13167.600
Norwest;Southeast;78.978361111111100;9190.600
Sea;Southeast;162.653805555556000;11373.400
Mosquito 2;Southeast;203.539555555556000;5557.800
Norwest;Avoca 2;99.602777777777800;9311.900
Southeast;Avoca 2;177.187361111111000;3314.300
Topo;Avoca 2;180.309583333333000;13785.800
Mosquito 2;Avoca 2;193.747638888889000;8653.500
Norwest;Plank;188.504722222222000;5104.500
Avoca 2;Plank;250.579583333333000;10533.000
Plank;Beat;173.753361111111000;3661.200
Norwest;Beat;182.348611111111000;8695.000
Avoca 2;Beat;233.161111111111000;11910.800
Beat;Lopeña;115.033944444444000;10386.300
Plank;Lopeña;129.322166666667000;12679.400
Avoca 2;Lopeña;180.589444444444000;11529.800
Beat;Buoy;177.092361111111000;8946.000
Lopeña;Buoy;243.080000000000000;10041.400
Buoy;Indian 2;96.479388888888900;7927.600
Beat;Indian 2;139.717666666667000;12884.800
Lopeña;Indian 2;191.195611111111000;5540.600
Buoy;Gum;180.864888888889000;6106.500
Lopeña;Gum;220.323444444444000;13971.800
Indian 2;Gum;236.782083333333000;9521.800
Gum;Con;100.390194444444000;7907.200
Buoy;Con;134.421833333333000;10760.800
Indian 2;Con;181.616805555556000;6640.000
Salt;Gap;325.170694444444000;10189.800
Murdock;Gap;6.078416666666670;4539.600
Gum;Gap;183.454444444444000;5893.900
Indian 2;Gap;216.845055555556000;13870.100
Con;Gap;241.239472222222000;9274.000
Salt;Coyote 2;11.578638888888900;7418.900
Murdock;Coyote 2;66.331861111111100;8504.300
Gap;Coyote 2;98.558611111111100;7390.600
Gum;Coyote 2;135.121805555556000;9854.300
Indian 2;Coyote 2;184.725944444444000;12236.300
Con;Coyote 2;188.402527777778000;5617.600
McGloins Bluff;Mustang;344.215861111111000;14895.510
McGloins Bluff;Laguna Madre nb;15.963558333333300;18108.920
Mustang;Laguna Madre nb;71.208133333333300;9541.850
Mustang;Laguna Madre sb;53.847638888888900;13797.550
McGloins Bluff;Oso;34.793694444444400;15572.900
Mustang;Oso;96.829666666666700;13030.000
Mustang;Shamrock;187.457361111111000;6962.500
Oso;Shamrock;248.791277777778000;14840.600
McGloins Bluff;Shamrock;326.310805555556000;8929.600
Laguna Madre sb;Grants 2;268.505083333333000;9504.500
Laguna Madre nb;Grants 2;303.093583333333000;8829.800
Mustang;Grants 2;11.722666666666700;8068.700
Laguna Madre sb;Island;341.231222222222000;2528.300
Grants 2;Island;73.130722222222200;9080.600
Island;Pass;292.622250000000000;6942.900
Grants 2;Pass;23.264333333333300;5780.200
Island;Sandhill;338.287361111111000;8965.700
Pass;Sandhill;28.680333333333300;6448.500
Laguna Madre sb;Hardpan;24.143972222222200;7481.600
Island;Hardpan;41.150666666666700;5887.100
Sandhill;Hardpan;118.468805555556000;8178.800
Hardpan;Landing;15.546305555555600;9748.400
Sandhill;Landing;60.755333333333300;11240.700
Landing;Richards 2;306.498555555556000;7163.000
Hardpan;Richards 2;347.030638888889000;14010.900
Sandhill;Richards 2;22.559805555555600;10565.200
Landing;Spit;333.466861111111000;5681.200
Richards 2;Spit;75.703055555555600;3323.600
Landing;Lonehill;17.084277777777800;10697.800
Spit;Lonehill;47.855861111111100;7662.900
Richards 2;Lonehill;56.197638888888900;10714.900
Lonehill;Mid;265.828666666667000;6932.300
Landing;Mid;338.800500000000000;10429.000
Richards 2;Mid;20.013250000000000;5812.800
Lonehill;Transient;314.365111111111000;7283.200
Landing;Transient;352.331666666667000;15458.000
Mid;Transient;16.995222222222200;5851.500
Richards 2;Transient;18.503861111111100;11660.300
Lonehill;Rox;40.522416666666700;4860.900
Transient;Rox;99.509333333333300;8481.100
Rox;Shells 2;337.768555555556000;14363.100
Lonehill;Shells 2;352.382333333333000;17143.100
Transient;Shells 2;13.876583333333300;12255.600
Rox;Griffins Point 2;13.199555555555600;10187.300
Lonehill;Griffins Point 2;21.953833333333300;14676.900
Shells 2;Griffins Point 2;113.543000000000000;8463.500
Griffins Point 2;Salt;356.005694444444000;6017.500
Shells 2;Salt;70.347444444444400;7797.800
Salt;Murdock;301.437222222222000;7381.700
Griffins Point 2;Murdock;325.714222222222000;11924.800
Shells 2;Murdock;9.189166666666670;6560.500
Rox;Rabbit 2;59.412750000000000;10934.500
Griffins Point 2;Rabbit 2;121.555888888889000;8317.500
Rabbit 2;Penescal;346.511666666667000;6339.500
Rox;Penescal;34.091027777777800;14163.900
Griffins Point 2;Penescal;72.100555555555500;5897.900
Rox;Frank 2;116.465833333333000;6837.000
Rabbit 2;Frank 2;200.881305555556000;9218.800
Frank 2;Agua;56.418944444444400;10546.900
Rabbit 2;Agua;116.796972222222000;6160.800
Agua;Crawford 2;15.403111111111100;9821.000
Rabbit 2;Crawford 2;50.488944444444400;10514.500
Penescal;Crawford 2;86.874083333333300;9604.900
Agua;Pasadiso;46.104944444444500;10571.900
Rabbit 2;Pasadiso;70.877972222222200;13886.900
Crawford 2;Pasadiso;113.101888888889000;5447.000
Meades Ranch;Dial;98.766672222222200;19817.100
Waldo;Dial;209.338177777778000;10904.290
Dial;Kill Creek;106.600477777778000;11631.360
Waldo;Kill Creek;155.636302777778000;14074.560
Dial;Lawrence 2;165.645897222222000;30858.070
Kill Creek;Lawrence 2;187.414247222222000;26800.750
Meades Ranch;Old Well 2;177.218016666667000;43105.420
Dial;Old Well 2;203.459586111111000;43689.320
Lawrence 2;Old Well 2;247.814883333333000;27034.110
Old Well 2;Brown 2;147.105061111111000;21842.530
Lawrence 2;Brown 2;204.695738888889000;31380.060
Brown 2;Lipps;151.516980555556000;27505.660
Lawrence 2;Lipps;179.947527777778000;52663.940
Old Well 2;Lebanon;187.948155555556000;24251.310
Brown 2;Lebanon;249.448361111111000;16240.880
Lebanon;Cooper;162.113552777778000;17517.190
Brown 2;Cooper;203.653069444444000;24412.030
Lipps;Cooper;274.431008333333000;22983.180
Cooper;Herrick NE;155.427636111111000;33040.000
Lipps;Herrick NE;197.838061111111000;29656.350
Cooper;Blue Hill NE;191.043511111111000;35553.500
Lipps;Blue Hill NE;221.789580555556000;44447.500
Herrick NE;Blue Hill NE;256.623277777778000;21113.720
Wilson;Bossing;332.342269444444000;31487.960
Heath;Bossing;42.498094444444500;34850.980
Bossing;Sherman;279.050736111111000;28281.910
Wilson;Sherman;307.188991666667000;53416.880
Heath;Sherman;351.768891666667000;30541.550
Sherman;Loder;236.167330555556000;13496.770
Heath;Loder;325.544188888889000;27537.230
Iron Mound;Loder;59.197950000000000;36392.800
Bossing;Central 2;323.514858333333000;22255.310
Sherman;Central 2;47.747108333333300;19918.320
Central 2;Little River;301.851127777778000;12063.890
Bossing;Little River;315.902238888889000;33757.250
Sherman;Little River;12.838719444444400;20285.380
Bossing;Chase;17.080494444444400;31043.820
Central 2;Chase;62.301150000000000;25266.070
Little River;Chase;80.710186111111100;33058.370
Chase;Savage;326.141508333333000;25236.970
Little River;Savage;35.288016666666700;32281.980
Savage;Gilmore 2;267.463469444444000;27216.560
Chase;Gilmore 2;295.534941666667000;45713.620
Little River;Gilmore 2;341.277102777778000;26616.880
Savage;Partridge;323.234661111111000;23422.960
Gilmore 2;Partridge;33.598636111111100;23920.620
Savage;Arlington;350.112041666667000;31594.110
Partridge;Arlington;34.908127777777800;15054.830
Arlington;Sunflower;273.011602777778000;30336.130
Partridge;Sunflower;302.802863888889000;25789.680
Gilmore 2;Sunflower;346.067180555556000;34959.490
Arlington;Pretty Prairie;303.853427777778000;20869.570
Sunflower;Pretty Prairie;52.474666666666700;16391.280
Pretty Prairie;Cheney;304.345975000000000;18481.300
Sunflower;Cheney;353.736458333333000;20557.840
Arlington;Kingman;352.408366666667000;32450.630
Pretty Prairie;Kingman;32.538338888888900;24332.280
Cheney;Kingman;70.519611111111100;30087.320
Kingman;Belmont;294.398652777778000;17645.700
Cheney;Belmont;35.335233333333300;21301.930
Kingman;Prairie;355.022780555556000;23604.860
Belmont;Prairie;40.941688888888900;21445.700
Prairie;Summer;262.756494444444000;29108.620
Belmont;Summer;310.303955555556000;19445.120
Cheney;Summer;355.250808333333000;30080.900
Prairie;Quarry;316.444541666667000;20372.700
Summer;Quarry;39.029425000000000;23664.420
Prairie;Rutherford;355.603733333333000;25034.680
Quarry;Rutherford;50.018769444444400;15837.980
Quarry;Anthony nwb;67.714338888888900;9156.810
Rutherford;Anthony nwb;208.569816666667000;7639.490
Rutherford;Anthony seb;255.285977777778000;7580.750
Anthony nwb;Anthony seb;322.464777777778000;6034.705
Quarry;Anthony seb;30.161975000000000;9555.290
Rutherford;Miller 3;307.363138888889000;20139.640
Anthony nwb;Miller 3;326.898263888889000;22605.470
Anthony seb;Miller 3;328.534066666667000;16595.380
Quarry;Miller 3;350.247897222222000;22750.300
Miller 3;Fowler;226.423280555556000;14090.870
Rutherford;Fowler;275.428522222222000;26314.850
Anthony seb;Fowler;283.221858333333000;19374.420
Quarry;Fowler;312.104330555556000;18947.060
Summer;Fowler;1.596575000000000;31123.760
Blue Hill NE;Sand Creek;133.785016666667000;24098.720
Herrick NE;Sand Creek;188.193766666667000;21734.300
Sand Creek;Lars;93.360288888888900;17683.280
Herrick NE;Lars;147.148541666667000;26832.690
Sand Creek;Lowell;151.991655555556000;20604.890
Lars;Lowell;204.802422222222000;18918.970
Blue Hill NE;Wanda;161.406352777778000;34117.600
Sand Creek;Wanda;202.467050000000000;16964.230
Lowell;Wanda;278.772150000000000;16353.500
Blue Hill NE;Mason;186.000808333333000;32678.760
Sand Creek;Mason;232.622116666667000;26146.530
Wanda;Mason;269.263611111111000;14295.730
Mason;Prosser;142.160055555556000;16450.460
Wanda;Prosser;197.618736111111000;13803.220
Lowell;Prosser;242.284655555556000;22944.020
Prosser;Shelton eb;122.512802777778000;15548.870
Lowell;Shelton eb;200.700841666667000;20303.040
Shelton eb;Shelton wb;70.217077777777800;7884.720
Prosser;Shelton wb;105.517272222222000;21312.860
Lowell;Shelton wb;179.157608333333000;16318.190
Prosser;Valley;122.884841666667000;30145.340
Shelton eb;Valley;123.179775000000000;14597.160
Shelton wb;Valley;155.705544444444000;11687.380
Lowell;Valley;169.398016666667000;27437.340
Prosser;Cameron 2;165.423941666667000;27976.240
Shelton eb;Cameron 2;197.868777777778000;19678.440
Valley;Cameron 2;239.434469444444000;21180.560
Cameron 2;Deer 2;158.400258333333000;32368.590
Valley;Deer 2;188.697800000000000;41311.920
Deer 2;Divide 2;81.291650000000000;20125.460
Cameron 2;Divide 2;130.405202777778000;41779.190
Valley;Divide 2;160.140058333333000;40161.200
Prosser;Pompey;194.092480555556000;46370.040
Cameron 2;Pompey;225.628891666667000;25620.150
Deer 2;Pompey;291.850752777778000;32590.680
Deer 2;Yale;149.227675000000000;37821.130
Divide 2;Yale;180.718897222222000;35547.370
Pompey;Brayton;167.594802777778000;40832.160
Deer 2;Brayton;217.562286111111000;34959.830
Yale;Brayton;276.556241666667000;40942.950
Brayton;Custer;183.447325000000000;18954.460
Yale;Custer;251.134841666667000;44075.970
Custer;Daily;62.312127777777800;9688.990
Brayton;Daily;152.706219444444000;16222.910
Yale;Daily;253.692511111111000;34544.820
Custer;Elm;112.669663888889000;28104.430
Daily;Elm;131.395927777778000;23157.700
Yale;Elm;212.218975000000000;29471.050
Custer;Ono;203.575633333333000;22797.840
Elm;Ono;253.774047222222000;36467.230
Ono;Buffalo;116.052638888889000;26747.680
Custer;Buffalo;155.405925000000000;35865.460
Elm;Buffalo;206.602161111111000;24402.790
Ono;Deloit;189.324305555556000;36057.720
Buffalo;Deloit;231.221152777778000;38214.930
Deloit;McClure;111.914375000000000;16833.150
Ono;McClure;166.846800000000000;42978.350
Buffalo;McClure;205.137491666667000;33305.610
Deloit;Hall;210.089819444444000;20043.580
McClure;Hall;246.560527777778000;27947.410
Hall;Page swb;131.181069444444000;20743.590
Deloit;Page swb;169.783938888889000;31477.620
McClure;Page swb;201.984577777778000;26656.610
Hall;Old;164.644902777778000;18688.670
Page swb;Old;247.619536111111000;11521.600
Old;Page neb;110.485813888889000;5840.120
Page swb;Page neb;218.886927777778000;8250.990
Hall;Walnut;179.635655555556000;31682.150
Old;Walnut;199.123427777778000;14461.370
Page swb;Walnut;220.404400000000000;23713.360
Page neb;Walnut;221.256369444444000;15466.810
Old;Prairie 1;124.318441666667000;15467.560
Page neb;Prairie 1;132.384975000000000;9895.820
Page swb;Prairie 1;170.737319444444000;13260.800
Walnut;Prairie 1;74.277602777777800;18196.700
Hall;Sparta;214.010691666667000;41216.100
Page swb;Sparta;241.932305555556000;43767.820
Walnut;Sparta;263.901450000000000;23387.760
Sparta;Santee;200.768505555556000;23773.290
Walnut;Santee;231.950041666667000;40141.900
Santee;Avon;139.450208333333000;26634.140
Sparta;Avon;168.144622222222000;43370.160
Walnut;Avon;197.553516666667000;47092.520
Santee;Vod;177.615436111111000;31214.370
Avon;Vod;235.496691666667000;19401.430
Santee;Yankton;226.177780555556000;40640.140
Avon;Yankton;260.237769444444000;47301.290
Vod;Yankton;275.671794444444000;30771.370
Yankton;Wieters;145.335233333333000;33767.890
Vod;Wieters;204.611530555556000;27109.210
Yankton;Freeman;187.864580555556000;28293.450
Vod;Freeman;233.962077777778000;42499.620
Wieters;Freeman;269.208619444444000;23079.060
Freeman;Wolf Creek;144.975802777778000;22641.140
Wieters;Wolf Creek;208.035888888889000;21316.920
Freeman;Silver Lake;189.547183333333000;19681.990
Wolf Creek;Silver Lake;266.832463888889000;16281.850
Wolf Creek;Elm Springs;102.246563888889000;14585.940
Wieters;Elm Springs;169.039038888889000;22294.930
Wolf Creek;Farmer;168.437872222222000;25621.590
Elm Springs;Farmer;202.384697222222000;23822.030
Silver Lake;Salem;174.551877777778000;24781.890
Wolf Creek;Salem;208.438344444444000;29071.990
Farmer;Salem;268.560847222222000;18985.380
Salem;Canova;175.744925000000000;20239.790
Farmer;Canova;220.142008333333000;27021.430
Salem;Owens;203.142605555556000;21695.920
Canova;Owens;271.323361111111000;10031.400
Canova;Reese;93.964694444444500;13757.880
Farmer;Reese;189.714269444444000;21885.590
Owens;Crane;184.716219444444000;18356.750
Canova;Crane;212.503552777778000;21420.540
Crane;Caldwell 2;105.653808333333000;19293.950
Canova;Caldwell 2;163.062641666667000;24292.470
Reese;Caldwell 2;196.490211111111000;23257.850
Crane;Miner;144.451916666667000;15498.750
Caldwell 2;Miner;232.102655555556000;12097.970
Miner;Drakola;142.637797222222000;9936.490
Caldwell 2;Drakola;192.887405555556000;15715.960
Crane;Brock;206.362086111111000;21122.460
Miner;Brock;250.967608333333000;19444.260
Brock;Hansen;118.542500000000000;18326.540
Crane;Hansen;166.319936111111000;28467.010
Miner;Hansen;188.530116666667000;15220.700
Drakola;Hansen;229.143563888889000;10948.710
Brock;Larson;188.062772222222000;16725.890
Hansen;Larson;246.926366666667000;20028.070
Larson;Weiss;143.815213888889000;15252.560
Hansen;Weiss;204.993722222222000;22214.760
Brock;Jeska;220.110652777778000;12612.120
Larson;Jeska;320.130433333333000;9012.110
Jeska;Oakwood Lake;213.317186111111000;20469.480
Larson;Oakwood Lake;239.048483333333000;19828.930
Weiss;Oakwood Lake;274.563533333333000;26095.950
Oakwood Lake;Horswill;153.878783333333000;32511.900
Weiss;Horswill;203.174127777778000;29432.320
Oakwood Lake;Olson;192.851044444444000;28639.960
Weiss;Olson;231.281250000000000;41361.640
Horswill;Olson;273.382961111111000;20722.890
Olson;Elfring;118.982308333333000;26441.450
Horswill;Elfring;167.824827777778000;11779.780
Olson;Franklin 2;166.022316666667000;20804.750
Horswill;Franklin 2;219.456486111111000;24542.790
Elfring;Franklin 2;247.625586111111000;19550.020
Franklin 2;Helgen;129.816263888889000;30894.730
Elfring;Helgen;168.130666666667000;27750.950
Franklin 2;Mound 2;181.362813888889000;19191.820
Elfring;Mound 2;214.760172222222000;32413.900
Helgen;Mound 2;271.199275000000000;24194.070
Mound 2;Waubay;136.872494444444000;38340.960
Helgen;Waubay;175.554838888889000;27459.000
Mound 2;Boating;167.955813888889000;24673.890
Helgen;Boating;218.755508333333000;30269.240
Waubay;Boating;280.126283333333000;21411.460
Boating;Preacher Hill;157.695947222222000;22001.180
Waubay;Preacher Hill;217.393541666667000;20847.070
Preacher Hill;Pickerel;90.626197222222200;12113.760
Waubay;Pickerel;181.878777777778000;16679.620
Preacher Hill;Drywood;169.709902777778000;18071.670
Pickerel;Drywood;206.611594444444000;19758.880
Boating;Brown Valley seb;202.565155555556000;30870.600
Preacher Hill;Brown Valley seb;247.942244444444000;21779.220
Drywood;Brown Valley seb;292.269283333333000;25305.730
Brown Valley seb;Brown Valley nwb;149.157836111111000;8223.570
Boating;Brown Valley nwb;192.089752777778000;36366.500
Preacher Hill;Brown Valley nwb;226.323813888889000;22048.100
Drywood;Brown Valley nwb;277.560186111111000;19344.020
Boating;Layden;207.590983333333000;44117.780
Brown Valley seb;Layden;219.137522222222000;13636.730
Preacher Hill;Layden;236.849055555556000;34349.220
Brown Valley nwb;Layden;254.626338888889000;13296.710
Drywood;Layden;268.174591666667000;32002.150
Layden;Enwiller;181.318244444444000;21332.910
Drywood;Enwiller;235.375761111111000;39333.510
Enwiller;Hankinson;143.332347222222000;28660.110
Drywood;Hankinson;198.491766666667000;47711.590
Layden;Oscarson;210.414766666667000;31979.570
Drywood;Oscarson;239.158955555556000;55945.230
Enwiller;Oscarson;248.291847222222000;16897.920
Hankinson;Oscarson;296.866788888889000;36837.040
Oscarson;Foss;178.888091666667000;23863.440
Hankinson;Foss;257.407569444444000;33066.340
Foss;Wahpeton;176.098052777778000;15110.410
Hankinson;Wahpeton;234.439077777778000;38308.120
Oscarson;Western;224.790950000000000;38930.460
Foss;Western;262.298669444444000;28143.930
Wahpeton;Western;291.340161111111000;31049.070
Oscarson;Bullis;257.299938888889000;31633.710
Foss;Bullis;298.350319444444000;35593.160
Western;Bullis;350.828497222222000;20956.570
Western;Fox 2;144.111363888889000;20219.010
Wahpeton;Fox 2;253.522158333333000;17718.200
Western;Indian 3;173.839136111111000;33885.010
Fox 2;Indian 3;205.281488888889000;19159.670
Wahpeton;Indian 3;228.315680555556000;33642.270
Indian 3;Meadows;88.479963888888900;22012.480
Fox 2;Meadows;140.406227777778000;21686.230
Wahpeton;Meadows;188.189105555556000;21921.730
Indian 3;Tansem;180.502663888889000;29183.500
Meadows;Tansem;216.583327777778000;37169.480
Tansem;Barnesville;84.541491666666700;19089.480
Indian 3;Barnesville;145.586811111111000;33171.080
Meadows;Barnesville;186.440813888889000;28138.690
Tansem;Eglon;169.437186111111000;15682.250
Barnesville;Eglon;222.923352777778000;23602.360
Eglon;Riverton;88.017625000000000;15248.370
Tansem;Riverton;129.432219444444000;23452.650
Barnesville;Riverton;182.862847222222000;16735.770
Eglon;Keene;146.780591666667000;23199.550
Riverton;Keene;187.085225000000000;20095.540
Eglon;Syre;187.839736111111000;40367.040
Keene;Syre;221.388505555556000;27484.840
Keene;Morken;99.619136111111100;14225.090
Riverton;Morken;152.637772222222000;25124.130
Syre;Borup;86.070311111111100;24179.660
Keene;Borup;162.527630555556000;19802.890
Morken;Borup;205.937163888889000;18382.860
Syre;Gary;162.496719444444000;22883.390
Borup;Gary;216.053494444444000;29130.480
Gary;Wicklow;83.988600000000000;17642.350
Syre;Wicklow;129.301466666667000;31570.410
Borup;Wicklow;178.953675000000000;21655.940
Gary;Fertile;169.574419444444000;14802.530
Wicklow;Fertile;222.011397222222000;22139.730
Fertile;Beltrami;90.650030555555600;21061.590
Gary;Beltrami;121.953161111111000;27977.980
Wicklow;Beltrami;159.429550000000000;17768.610
Fertile;Tilden;175.271455555556000;19791.620
Beltrami;Tilden;224.710238888889000;27516.390
Tilden;Andover;94.219950000000000;21062.420
Fertile;Andover;133.230819444444000;31068.390
Beltrami;Andover;175.509408333333000;21099.940
Tilden;Ives;160.518177777778000;27568.590
Andover;Ives;205.585230555556000;27144.550
Ives;Shirley;63.749691666666700;19161.040
Tilden;Shirley;123.611050000000000;31691.090
Andover;Shirley;161.175627777778000;16875.820
Ives;Bray;172.923738888889000;14652.570
Shirley;Bray;213.581708333333000;27681.530
Bray;Sherack;75.133888888888900;20125.290
Ives;Sherack;113.817175000000000;23237.250
Shirley;Sherack;166.980586111111000;18317.100
Bray;Viking;177.721352777778000;21608.150
Sherack;Viking;214.602622222222000;32580.380
Viking;Warren;77.056583333333300;18679.970
Bray;Warren;132.401311111111000;25818.110
Sherack;Warren;180.786925000000000;22576.290
Viking;Wright 3;166.805955555556000;15809.070
Warren;Wright 3;216.527544444444000;24418.920
Wright 3;Argyle;80.779022222222200;21056.060
Viking;Argyle;116.251452777778000;27199.890
Warren;Argyle;158.925358333333000;17355.950
Wright 3;Stephen wb;104.852052777778000;24337.630
Argyle;Stephen wb;163.876955555556000;9995.420
Wright 3;Stephen eb;121.080688888889000;17140.540
Argyle;Stephen eb;206.327955555556000;13662.220
Stephen wb;Stephen eb;253.318755555556000;9221.833
Wright 3;Deer;159.300072222222000;21049.480
Argyle;Deer;209.840636111111000;26646.360
Stephen eb;Deer;213.583380555556000;13036.710
Stephen wb;Deer;229.853716666667000;20968.100
Deer;Donaldson;78.531736111111100;19256.680
Wright 3;Donaldson;121.117316666667000;30741.000
Stephen eb;Donaldson;121.014905555556000;13600.480
Stephen wb;Donaldson;163.616327777778000;10044.550
Argyle;Donaldson;163.760391666667000;20039.930
Deer;Jupiter;149.680463888889000;17458.760
Donaldson;Jupiter;207.830988888889000;21409.530
Jupiter;Skane;86.932213888888900;19226.750
Deer;Skane;116.670855555556000;31350.020
Donaldson;Skane;152.754055555556000;20100.000
Jupiter;Hallock;126.122722222222000;15656.320
Skane;Hallock;212.372402777778000;12172.800
Jupiter;Granville;164.798697222222000;18810.800
Skane;Granville;216.444863888889000;23905.520
Hallock;Granville;220.714622222222000;11795.170
Granville;Hill 2;81.553227777777800;21596.670
Hallock;Hill 2;112.781075000000000;14820.230
Skane;Hill 2;155.916458333333000;17529.530
Granville;Canada;161.922633333333000;14491.790
Hill 2;Canada;224.639705555556000;23910.440
Canada;States;90.138683333333400;17605.470
Granville;States;122.041511111111000;26074.250
Hill 2;States;177.289627777778000;17021.670
Canada;Boundary m. 54;270.055833333333000;25.290
States;Boundary m. 65;90.201111111111100;109.680
Bullis;Elbow;244.035175000000000;16752.200
Western;Elbow;305.957958333333000;22728.580
Elbow;Dalton;179.712672222222000;17578.950
Bullis;Dalton;210.934033333333000;29044.170
Western;Dalton;256.948036111111000;18741.080
Elbow;Leaf;244.101916666667000;31074.560
Dalton;Leaf;278.129533333333000;28326.670
Elbow;Holmes 2;306.107952777778000;30439.150
Dalton;Holmes 2;325.204025000000000;43249.880
Leaf;Holmes 2;6.349966666666670;31689.270
Holmes 2;Alexandria;261.713886111111000;21313.510
Leaf;Alexandria;328.261947222222000;33434.850
Alexandria;Parker;178.617927777778000;25236.340
Holmes 2;Parker;215.782513888889000;34882.850
Leaf;Parker;280.743097222222000;17209.090
Alexandria;Osakis;290.320011111111000;17884.510
Parker;Osakis;331.059863888889000;35923.810
Osakis;Leslie;192.133430555556000;19742.870
Alexandria;Leslie;237.877819444444000;24641.190
Parker;Leslie;299.443844444444000;24664.640
Osakis;Maple;231.528025000000000;13473.060
Leslie;Maple;329.670180555556000;12656.330
Maple;Long;222.864663888889000;11166.100
Leslie;Long;281.058202777778000;14243.100
Osakis;Birch;276.273861111111000;19950.100
Maple;Birch;318.787397222222000;14061.370
Long;Birch;354.988652777778000;18836.310
Birch;Eagle;260.742405555556000;15480.720
Long;Eagle;313.871150000000000;23476.000
Eagle;Lone;170.044038888889000;24103.740
Birch;Lone;202.857613888889000;28455.390
Long;Lone;239.555194444444000;14721.540
Eagle;Falls;242.504777777778000;36625.520
Lone;Falls;280.518236111111000;37287.090
Eagle;Brockway;282.228302777778000;29485.310
Lone;Brockway;312.235563888889000;44576.630
Falls;Brockway;9.313066666666670;23443.620
Brockway;Royalton nb;222.268727777778000;6874.260
Eagle;Royalton nb;271.948513888889000;33435.720
Falls;Royalton nb;357.357936111111000;18069.690
Brockway;Alberta;255.806669444444000;15622.870
Eagle;Alberta;273.053733333333000;44006.860
Royalton nb;Alberta;276.851161111111000;10597.010
Falls;Alberta;329.548161111111000;22403.630
Brockway;Royalton sb;294.372419444444000;9189.810
Royalton nb;Royalton sb;337.162344444444000;9637.551
Alberta;Royalton sb;41.769655555555600;10198.620
Falls;Johnson;138.130541666667000;29121.690
Eagle;Johnson;198.578150000000000;40608.710
Lone;Johnson;229.185922222222000;22587.640
Falls;Rail;150.893513888889000;31753.450
Johnson;Rail;213.196619444444000;7254.030
Falls;Daggett;194.580883333333000;22304.190
Johnson;Daggett;270.047577777778000;25052.010
Rail;Daggett;286.153197222222000;21942.640
Daggett;Jones 2;199.858319444444000;26583.900
Rail;Jones 2;237.766563888889000;35490.390
Jones 2;Gull;102.446400000000000;24096.780
Daggett;Gull;154.312369444444000;33469.380
Rail;Gull;195.071680555556000;24862.200
Jones 2;Brook;198.470580555556000;33227.950
Gull;Brook;232.077861111111000;43044.260
Jones 2;Rabbit;225.326405555556000;17692.070
Gull;Rabbit;258.433230555556000;36831.350
Brook;Rabbit;353.954580555556000;19187.790
Rabbit;Bethlehem;279.226188888889000;22563.400
Brook;Bethlehem;313.046777777778000;33242.560
Bethlehem;French;199.220677777778000;18174.420
Rabbit;French;244.303438888889000;31285.620
Brook;French;280.329830555556000;30705.500
Bethlehem;Rae;249.480341666667000;18058.990
French;Rae;314.796294444444000;15387.610
Rae;Kimberly;166.014491666667000;8864.090
Bethlehem;Kimberly;224.655133333333000;20981.970
French;Kimberly;284.368669444444000;9044.460
Rae;Grindle;251.983830555556000;9078.780
Kimberly;Grindle;298.243308333333000;12234.500
Grindle;Gregor;163.908541666667000;9430.960
Rae;Gregor;206.849766666667000;13299.420
Kimberly;Gregor;248.149519444444000;8778.460
Grindle;Tamarack;202.621927777778000;18003.040
Gregor;Tamarack;231.589555555556000;12169.220
Grindle;Douglas;241.156747222222000;12657.890
Gregor;Douglas;282.146041666667000;14016.630
Tamarack;Douglas;338.461500000000000;11305.830
Douglas;Bachelor 2;245.985025000000000;12287.240
Tamarack;Bachelor 2;289.714691666667000;16327.950
Bachelor 2;Wright 2;152.452361111111000;9954.360
Douglas;Wright 2;205.542913888889000;15314.640
Tamarack;Wright 2;252.897366666667000;11241.740
Bachelor 2;Island 2;274.903186111111000;9204.400
Wright 2;Island 2;304.865419444444000;16796.930
Island 2;Cromwell;218.794011111111000;9076.890
Bachelor 2;Cromwell;247.018394444444000;16126.810
Wright 2;Cromwell;277.365169444444000;19614.340
Island 2;Sawyer;257.151805555556000;18168.490
Cromwell;Sawyer;284.214755555556000;12403.620
Island 2;Mahtowa;286.733047222222000;16441.390
Cromwell;Mahtowa;319.629497222222000;15511.430
Sawyer;Mahtowa;12.813250000000000;8991.880
Mahtowa;Atkinson;285.141361111111000;6795.470
Sawyer;Atkinson;336.592955555556000;11490.740
Atkinson;Cloquet;204.806808333333000;19722.840
Mahtowa;Cloquet;222.554425000000000;21906.310
Sawyer;Cloquet;240.137830555556000;14789.900
Atkinson;Carlton;243.499219444444000;13176.220
Cloquet;Carlton;343.774630555556000;12527.370
Carlton;Annie;240.172408333333000;14223.230
Atkinson;Annie;241.714116666667000;27387.130
Cloquet;Annie;287.348022222222000;16589.920
Atkinson;Dedham;281.667841666667000;33151.630
Carlton;Dedham;301.438897222222000;24203.340
Annie;Dedham;337.241625000000000;21380.230
Dedham;Superior;203.042027777778000;14193.620
Annie;Superior;295.704294444444000;15324.940
Minnesota nb;Superior;2.363402777777780;12219.640
Minnesota sb;Superior;29.147161111111100;8375.450
Minnesota nb;Duluth;90.504258333333300;6870.300
Minnesota sb;Duluth;115.409863888889000;11556.060
Superior;Duluth;152.572694444444000;13822.920
Dedham;Duluth;178.138672222222000;25337.890
Annie;Duluth;232.894347222222000;9295.280
Minnesota sb;Minnesota nb;143.904466666667000;6056.690
Rogers 2;Corpus;267.706533333333000;20803.890
Kaleta;Corpus;315.822044444444000;17580.740
Corpus;Portland;214.055444444444000;12783.310
Rogers 2;Portland;247.731969444444000;30178.270
Kaleta;Portland;275.916311111111000;19503.560
Corpus;McGloins Bluff;256.948086111111000;18855.870
Portland;McGloins Bluff;299.495997222222000;12875.150
Corpus;Mustang;294.164872222222000;24597.730
Portland;Mustang;323.541294444444000;25699.010
Corpus;Laguna Madre nb;314.450488888889000;18791.920
Portland;Laguna Madre nb;345.276905555556000;24560.890
Corpus;Laguna Madre sb;328.169155555556000;21456.510
Laguna Madre nb;Laguna Madre sb;22.546697222222200;5486.855
Laguna Madre sb;Padre;278.134066666667000;6422.300
Laguna Madre nb;Padre;324.562727777778000;7336.310
McGloins Bluff;Padre;1.785661111111110;23400.960
Mustang;Padre;27.850844444444400;10240.320
